source_id,target_id,relationship_type
DIR_0000,COMP_0286,DIRECTOR_OF
DIR_0001,COMP_0257,DIRECTOR_OF
DIR_0002,COMP_0174,DIRECTOR_OF
DIR_0002,COMP_0484,DIRECTOR_OF
DIR_0002,COMP_0059,DIRECTOR_OF
DIR_0003,COMP_0448,DIRECTOR_OF
DIR_0003,COMP_0275,DIRECTOR_OF
DIR_0003,COMP_0416,DIRECTOR_OF
DIR_0004,COMP_0355,DIRECTOR_OF
DIR_0004,COMP_0226,DIRECTOR_OF
DIR_0004,COMP_0494,DIRECTOR_OF
DIR_0005,COMP_0288,DIRECTOR_OF
DIR_0005,COMP_0247,DIRECTOR_OF
DIR_0005,COMP_0394,DIRECTOR_OF
DIR_0005,COMP_0124,DIRECTOR_OF
DIR_0006,COMP_0492,DIRECTOR_OF
DIR_0006,COMP_0397,DIRECTOR_OF
DIR_0006,COMP_0234,DIRECTOR_OF
DIR_0007,COMP_0459,DIRECTOR_OF
DIR_0007,COMP_0300,DIRECTOR_OF
DIR_0007,COMP_0441,DIRECTOR_OF
DIR_0007,COMP_0014,DIRECTOR_OF
DIR_0008,COMP_0059,DIRECTOR_OF
DIR_0008,COMP_0132,DIRECTOR_OF
DIR_0008,COMP_0034,DIRECTOR_OF
DIR_0008,COMP_0195,DIRECTOR_OF
DIR_0009,COMP_0346,DIRECTOR_OF
DIR_0009,COMP_0359,DIRECTOR_OF
DIR_0010,COMP_0409,DIRECTOR_OF
DIR_0010,COMP_0161,DIRECTOR_OF
DIR_0011,COMP_0489,DIRECTOR_OF
DIR_0011,COMP_0180,DIRECTOR_OF
DIR_0011,COMP_0264,DIRECTOR_OF
DIR_0011,COMP_0274,DIRECTOR_OF
DIR_0012,COMP_0358,DIRECTOR_OF
DIR_0013,COMP_0127,DIRECTOR_OF
DIR_0013,COMP_0147,DIRECTOR_OF
DIR_0013,COMP_0047,DIRECTOR_OF
DIR_0014,COMP_0344,DIRECTOR_OF
DIR_0014,COMP_0383,DIRECTOR_OF
DIR_0014,COMP_0420,DIRECTOR_OF
DIR_0014,COMP_0175,DIRECTOR_OF
DIR_0015,COMP_0283,DIRECTOR_OF
DIR_0016,COMP_0243,DIRECTOR_OF
DIR_0016,COMP_0160,DIRECTOR_OF
DIR_0017,COMP_0111,DIRECTOR_OF
DIR_0017,COMP_0457,DIRECTOR_OF
DIR_0017,COMP_0293,DIRECTOR_OF
DIR_0018,COMP_0093,DIRECTOR_OF
DIR_0018,COMP_0484,DIRECTOR_OF
DIR_0018,COMP_0382,DIRECTOR_OF
DIR_0019,COMP_0255,DIRECTOR_OF
DIR_0019,COMP_0377,DIRECTOR_OF
DIR_0020,COMP_0120,DIRECTOR_OF
DIR_0020,COMP_0376,DIRECTOR_OF
DIR_0021,COMP_0446,DIRECTOR_OF
DIR_0021,COMP_0135,DIRECTOR_OF
DIR_0022,COMP_0117,DIRECTOR_OF
DIR_0022,COMP_0103,DIRECTOR_OF
DIR_0023,COMP_0428,DIRECTOR_OF
DIR_0023,COMP_0316,DIRECTOR_OF
DIR_0024,COMP_0079,DIRECTOR_OF
DIR_0024,COMP_0398,DIRECTOR_OF
DIR_0024,COMP_0054,DIRECTOR_OF
DIR_0025,COMP_0471,DIRECTOR_OF
DIR_0026,COMP_0346,DIRECTOR_OF
DIR_0027,COMP_0314,DIRECTOR_OF
DIR_0027,COMP_0003,DIRECTOR_OF
DIR_0027,COMP_0391,DIRECTOR_OF
DIR_0027,COMP_0438,DIRECTOR_OF
DIR_0028,COMP_0434,DIRECTOR_OF
DIR_0029,COMP_0190,DIRECTOR_OF
DIR_0029,COMP_0317,DIRECTOR_OF
DIR_0029,COMP_0161,DIRECTOR_OF
DIR_0029,COMP_0252,DIRECTOR_OF
DIR_0030,COMP_0251,DIRECTOR_OF
DIR_0030,COMP_0093,DIRECTOR_OF
DIR_0030,COMP_0391,DIRECTOR_OF
DIR_0031,COMP_0203,DIRECTOR_OF
DIR_0031,COMP_0113,DIRECTOR_OF
DIR_0031,COMP_0384,DIRECTOR_OF
DIR_0032,COMP_0027,DIRECTOR_OF
DIR_0032,COMP_0269,DIRECTOR_OF
DIR_0033,COMP_0244,DIRECTOR_OF
DIR_0033,COMP_0481,DIRECTOR_OF
DIR_0033,COMP_0276,DIRECTOR_OF
DIR_0033,COMP_0016,DIRECTOR_OF
DIR_0034,COMP_0201,DIRECTOR_OF
DIR_0034,COMP_0440,DIRECTOR_OF
DIR_0034,COMP_0351,DIRECTOR_OF
DIR_0035,COMP_0234,DIRECTOR_OF
DIR_0035,COMP_0499,DIRECTOR_OF
DIR_0036,COMP_0357,DIRECTOR_OF
DIR_0037,COMP_0161,DIRECTOR_OF
DIR_0037,COMP_0352,DIRECTOR_OF
DIR_0037,COMP_0004,DIRECTOR_OF
DIR_0037,COMP_0006,DIRECTOR_OF
DIR_0038,COMP_0194,DIRECTOR_OF
DIR_0038,COMP_0297,DIRECTOR_OF
DIR_0039,COMP_0166,DIRECTOR_OF
DIR_0040,COMP_0313,DIRECTOR_OF
DIR_0040,COMP_0441,DIRECTOR_OF
DIR_0040,COMP_0132,DIRECTOR_OF
DIR_0041,COMP_0280,DIRECTOR_OF
DIR_0041,COMP_0134,DIRECTOR_OF
DIR_0042,COMP_0137,DIRECTOR_OF
DIR_0042,COMP_0241,DIRECTOR_OF
DIR_0043,COMP_0187,DIRECTOR_OF
DIR_0043,COMP_0094,DIRECTOR_OF
DIR_0043,COMP_0255,DIRECTOR_OF
DIR_0044,COMP_0107,DIRECTOR_OF
DIR_0044,COMP_0214,DIRECTOR_OF
DIR_0044,COMP_0358,DIRECTOR_OF
DIR_0044,COMP_0385,DIRECTOR_OF
DIR_0045,COMP_0186,DIRECTOR_OF
DIR_0045,COMP_0437,DIRECTOR_OF
DIR_0045,COMP_0205,DIRECTOR_OF
DIR_0046,COMP_0230,DIRECTOR_OF
DIR_0046,COMP_0092,DIRECTOR_OF
DIR_0046,COMP_0292,DIRECTOR_OF
DIR_0047,COMP_0294,DIRECTOR_OF
DIR_0047,COMP_0351,DIRECTOR_OF
DIR_0048,COMP_0416,DIRECTOR_OF
DIR_0048,COMP_0051,DIRECTOR_OF
DIR_0049,COMP_0411,DIRECTOR_OF
DIR_0049,COMP_0120,DIRECTOR_OF
DIR_0049,COMP_0284,DIRECTOR_OF
DIR_0050,COMP_0438,DIRECTOR_OF
DIR_0050,COMP_0195,DIRECTOR_OF
DIR_0050,COMP_0100,DIRECTOR_OF
DIR_0050,COMP_0074,DIRECTOR_OF
DIR_0051,COMP_0242,DIRECTOR_OF
DIR_0051,COMP_0412,DIRECTOR_OF
DIR_0052,COMP_0090,DIRECTOR_OF
DIR_0053,COMP_0255,DIRECTOR_OF
DIR_0053,COMP_0068,DIRECTOR_OF
DIR_0053,COMP_0457,DIRECTOR_OF
DIR_0053,COMP_0434,DIRECTOR_OF
DIR_0054,COMP_0402,DIRECTOR_OF
DIR_0054,COMP_0249,DIRECTOR_OF
DIR_0054,COMP_0153,DIRECTOR_OF
DIR_0055,COMP_0287,DIRECTOR_OF
DIR_0055,COMP_0439,DIRECTOR_OF
DIR_0055,COMP_0290,DIRECTOR_OF
DIR_0056,COMP_0203,DIRECTOR_OF
DIR_0057,COMP_0353,DIRECTOR_OF
DIR_0058,COMP_0030,DIRECTOR_OF
DIR_0058,COMP_0110,DIRECTOR_OF
DIR_0059,COMP_0243,DIRECTOR_OF
DIR_0059,COMP_0429,DIRECTOR_OF
DIR_0059,COMP_0322,DIRECTOR_OF
DIR_0060,COMP_0230,DIRECTOR_OF
DIR_0061,COMP_0133,DIRECTOR_OF
DIR_0061,COMP_0184,DIRECTOR_OF
DIR_0061,COMP_0184,DIRECTOR_OF
DIR_0062,COMP_0176,DIRECTOR_OF
DIR_0062,COMP_0010,DIRECTOR_OF
DIR_0062,COMP_0210,DIRECTOR_OF
DIR_0063,COMP_0179,DIRECTOR_OF
DIR_0064,COMP_0295,DIRECTOR_OF
DIR_0064,COMP_0294,DIRECTOR_OF
DIR_0065,COMP_0399,DIRECTOR_OF
DIR_0065,COMP_0145,DIRECTOR_OF
DIR_0066,COMP_0166,DIRECTOR_OF
DIR_0066,COMP_0344,DIRECTOR_OF
DIR_0066,COMP_0261,DIRECTOR_OF
DIR_0067,COMP_0396,DIRECTOR_OF
DIR_0067,COMP_0377,DIRECTOR_OF
DIR_0067,COMP_0228,DIRECTOR_OF
DIR_0067,COMP_0455,DIRECTOR_OF
DIR_0068,COMP_0195,DIRECTOR_OF
DIR_0069,COMP_0237,DIRECTOR_OF
DIR_0069,COMP_0323,DIRECTOR_OF
DIR_0069,COMP_0489,DIRECTOR_OF
DIR_0070,COMP_0444,DIRECTOR_OF
DIR_0070,COMP_0085,DIRECTOR_OF
DIR_0071,COMP_0215,DIRECTOR_OF
DIR_0071,COMP_0323,DIRECTOR_OF
DIR_0071,COMP_0313,DIRECTOR_OF
DIR_0072,COMP_0434,DIRECTOR_OF
DIR_0072,COMP_0464,DIRECTOR_OF
DIR_0072,COMP_0036,DIRECTOR_OF
DIR_0072,COMP_0040,DIRECTOR_OF
DIR_0073,COMP_0175,DIRECTOR_OF
DIR_0073,COMP_0116,DIRECTOR_OF
DIR_0074,COMP_0162,DIRECTOR_OF
DIR_0074,COMP_0334,DIRECTOR_OF
DIR_0074,COMP_0149,DIRECTOR_OF
DIR_0075,COMP_0309,DIRECTOR_OF
DIR_0075,COMP_0330,DIRECTOR_OF
DIR_0075,COMP_0202,DIRECTOR_OF
DIR_0076,COMP_0454,DIRECTOR_OF
DIR_0076,COMP_0227,DIRECTOR_OF
DIR_0076,COMP_0399,DIRECTOR_OF
DIR_0077,COMP_0382,DIRECTOR_OF
DIR_0077,COMP_0300,DIRECTOR_OF
DIR_0077,COMP_0266,DIRECTOR_OF
DIR_0078,COMP_0211,DIRECTOR_OF
DIR_0078,COMP_0085,DIRECTOR_OF
DIR_0078,COMP_0094,DIRECTOR_OF
DIR_0078,COMP_0437,DIRECTOR_OF
DIR_0079,COMP_0064,DIRECTOR_OF
DIR_0080,COMP_0338,DIRECTOR_OF
DIR_0080,COMP_0128,DIRECTOR_OF
DIR_0081,COMP_0107,DIRECTOR_OF
DIR_0082,COMP_0203,DIRECTOR_OF
DIR_0082,COMP_0052,DIRECTOR_OF
DIR_0083,COMP_0032,DIRECTOR_OF
DIR_0084,COMP_0280,DIRECTOR_OF
DIR_0084,COMP_0027,DIRECTOR_OF
DIR_0084,COMP_0013,DIRECTOR_OF
DIR_0084,COMP_0394,DIRECTOR_OF
DIR_0085,COMP_0268,DIRECTOR_OF
DIR_0085,COMP_0391,DIRECTOR_OF
DIR_0085,COMP_0042,DIRECTOR_OF
DIR_0085,COMP_0053,DIRECTOR_OF
DIR_0086,COMP_0316,DIRECTOR_OF
DIR_0086,COMP_0079,DIRECTOR_OF
DIR_0086,COMP_0043,DIRECTOR_OF
DIR_0087,COMP_0158,DIRECTOR_OF
DIR_0087,COMP_0117,DIRECTOR_OF
DIR_0087,COMP_0126,DIRECTOR_OF
DIR_0087,COMP_0377,DIRECTOR_OF
DIR_0088,COMP_0226,DIRECTOR_OF
DIR_0088,COMP_0320,DIRECTOR_OF
DIR_0088,COMP_0064,DIRECTOR_OF
DIR_0089,COMP_0269,DIRECTOR_OF
DIR_0089,COMP_0429,DIRECTOR_OF
DIR_0090,COMP_0014,DIRECTOR_OF
DIR_0090,COMP_0017,DIRECTOR_OF
DIR_0091,COMP_0440,DIRECTOR_OF
DIR_0091,COMP_0468,DIRECTOR_OF
DIR_0091,COMP_0166,DIRECTOR_OF
DIR_0092,COMP_0239,DIRECTOR_OF
DIR_0092,COMP_0499,DIRECTOR_OF
DIR_0092,COMP_0445,DIRECTOR_OF
DIR_0092,COMP_0276,DIRECTOR_OF
DIR_0093,COMP_0280,DIRECTOR_OF
DIR_0093,COMP_0227,DIRECTOR_OF
DIR_0093,COMP_0069,DIRECTOR_OF
DIR_0094,COMP_0302,DIRECTOR_OF
DIR_0094,COMP_0305,DIRECTOR_OF
DIR_0095,COMP_0323,DIRECTOR_OF
DIR_0095,COMP_0383,DIRECTOR_OF
DIR_0095,COMP_0325,DIRECTOR_OF
DIR_0095,COMP_0449,DIRECTOR_OF
DIR_0096,COMP_0268,DIRECTOR_OF
DIR_0096,COMP_0327,DIRECTOR_OF
DIR_0096,COMP_0327,DIRECTOR_OF
DIR_0096,COMP_0273,DIRECTOR_OF
DIR_0097,COMP_0465,DIRECTOR_OF
DIR_0097,COMP_0177,DIRECTOR_OF
DIR_0097,COMP_0246,DIRECTOR_OF
DIR_0098,COMP_0412,DIRECTOR_OF
DIR_0098,COMP_0045,DIRECTOR_OF
DIR_0099,COMP_0157,DIRECTOR_OF
DIR_0099,COMP_0187,DIRECTOR_OF
DIR_0099,COMP_0211,DIRECTOR_OF
DIR_0099,COMP_0133,DIRECTOR_OF
DIR_0100,COMP_0155,DIRECTOR_OF
DIR_0100,COMP_0005,DIRECTOR_OF
DIR_0101,COMP_0267,DIRECTOR_OF
DIR_0102,COMP_0176,DIRECTOR_OF
DIR_0102,COMP_0146,DIRECTOR_OF
DIR_0103,COMP_0273,DIRECTOR_OF
DIR_0103,COMP_0004,DIRECTOR_OF
DIR_0103,COMP_0352,DIRECTOR_OF
DIR_0103,COMP_0472,DIRECTOR_OF
DIR_0104,COMP_0484,DIRECTOR_OF
DIR_0104,COMP_0386,DIRECTOR_OF
DIR_0104,COMP_0244,DIRECTOR_OF
DIR_0104,COMP_0153,DIRECTOR_OF
DIR_0105,COMP_0392,DIRECTOR_OF
DIR_0106,COMP_0408,DIRECTOR_OF
DIR_0106,COMP_0149,DIRECTOR_OF
DIR_0106,COMP_0305,DIRECTOR_OF
DIR_0106,COMP_0118,DIRECTOR_OF
DIR_0107,COMP_0280,DIRECTOR_OF
DIR_0108,COMP_0096,DIRECTOR_OF
DIR_0108,COMP_0210,DIRECTOR_OF
DIR_0108,COMP_0451,DIRECTOR_OF
DIR_0109,COMP_0202,DIRECTOR_OF
DIR_0109,COMP_0127,DIRECTOR_OF
DIR_0109,COMP_0083,DIRECTOR_OF
DIR_0109,COMP_0366,DIRECTOR_OF
DIR_0110,COMP_0424,DIRECTOR_OF
DIR_0110,COMP_0193,DIRECTOR_OF
DIR_0110,COMP_0112,DIRECTOR_OF
DIR_0110,COMP_0134,DIRECTOR_OF
DIR_0111,COMP_0216,DIRECTOR_OF
DIR_0112,COMP_0264,DIRECTOR_OF
DIR_0112,COMP_0391,DIRECTOR_OF
DIR_0113,COMP_0145,DIRECTOR_OF
DIR_0113,COMP_0332,DIRECTOR_OF
DIR_0113,COMP_0380,DIRECTOR_OF
DIR_0114,COMP_0211,DIRECTOR_OF
DIR_0114,COMP_0096,DIRECTOR_OF
DIR_0114,COMP_0436,DIRECTOR_OF
DIR_0115,COMP_0093,DIRECTOR_OF
DIR_0116,COMP_0148,DIRECTOR_OF
DIR_0116,COMP_0056,DIRECTOR_OF
DIR_0117,COMP_0316,DIRECTOR_OF
DIR_0117,COMP_0231,DIRECTOR_OF
DIR_0117,COMP_0139,DIRECTOR_OF
DIR_0117,COMP_0358,DIRECTOR_OF
DIR_0118,COMP_0096,DIRECTOR_OF
DIR_0118,COMP_0164,DIRECTOR_OF
DIR_0118,COMP_0009,DIRECTOR_OF
DIR_0118,COMP_0077,DIRECTOR_OF
DIR_0119,COMP_0496,DIRECTOR_OF
DIR_0120,COMP_0095,DIRECTOR_OF
DIR_0121,COMP_0144,DIRECTOR_OF
DIR_0122,COMP_0064,DIRECTOR_OF
DIR_0122,COMP_0366,DIRECTOR_OF
DIR_0122,COMP_0224,DIRECTOR_OF
DIR_0123,COMP_0119,DIRECTOR_OF
DIR_0124,COMP_0077,DIRECTOR_OF
DIR_0125,COMP_0252,DIRECTOR_OF
DIR_0126,COMP_0175,DIRECTOR_OF
DIR_0126,COMP_0215,DIRECTOR_OF
DIR_0127,COMP_0402,DIRECTOR_OF
DIR_0127,COMP_0409,DIRECTOR_OF
DIR_0127,COMP_0255,DIRECTOR_OF
DIR_0128,COMP_0237,DIRECTOR_OF
DIR_0128,COMP_0356,DIRECTOR_OF
DIR_0128,COMP_0405,DIRECTOR_OF
DIR_0129,COMP_0169,DIRECTOR_OF
DIR_0130,COMP_0431,DIRECTOR_OF
DIR_0131,COMP_0028,DIRECTOR_OF
DIR_0131,COMP_0136,DIRECTOR_OF
DIR_0132,COMP_0036,DIRECTOR_OF
DIR_0132,COMP_0278,DIRECTOR_OF
DIR_0132,COMP_0240,DIRECTOR_OF
DIR_0132,COMP_0092,DIRECTOR_OF
DIR_0133,COMP_0458,DIRECTOR_OF
DIR_0133,COMP_0430,DIRECTOR_OF
DIR_0134,COMP_0418,DIRECTOR_OF
DIR_0134,COMP_0195,DIRECTOR_OF
DIR_0134,COMP_0424,DIRECTOR_OF
DIR_0135,COMP_0062,DIRECTOR_OF
DIR_0136,COMP_0197,DIRECTOR_OF
DIR_0136,COMP_0394,DIRECTOR_OF
DIR_0137,COMP_0126,DIRECTOR_OF
DIR_0137,COMP_0377,DIRECTOR_OF
DIR_0137,COMP_0017,DIRECTOR_OF
DIR_0137,COMP_0101,DIRECTOR_OF
DIR_0138,COMP_0376,DIRECTOR_OF
DIR_0138,COMP_0394,DIRECTOR_OF
DIR_0138,COMP_0048,DIRECTOR_OF
DIR_0138,COMP_0266,DIRECTOR_OF
DIR_0139,COMP_0242,DIRECTOR_OF
DIR_0139,COMP_0199,DIRECTOR_OF
DIR_0140,COMP_0479,DIRECTOR_OF
DIR_0140,COMP_0165,DIRECTOR_OF
DIR_0140,COMP_0081,DIRECTOR_OF
DIR_0141,COMP_0381,DIRECTOR_OF
DIR_0142,COMP_0129,DIRECTOR_OF
DIR_0143,COMP_0326,DIRECTOR_OF
DIR_0143,COMP_0152,DIRECTOR_OF
DIR_0143,COMP_0101,DIRECTOR_OF
DIR_0143,COMP_0184,DIRECTOR_OF
DIR_0144,COMP_0442,DIRECTOR_OF
DIR_0145,COMP_0498,DIRECTOR_OF
DIR_0145,COMP_0057,DIRECTOR_OF
DIR_0146,COMP_0324,DIRECTOR_OF
DIR_0146,COMP_0222,DIRECTOR_OF
DIR_0147,COMP_0007,DIRECTOR_OF
DIR_0147,COMP_0085,DIRECTOR_OF
DIR_0147,COMP_0406,DIRECTOR_OF
DIR_0148,COMP_0299,DIRECTOR_OF
DIR_0148,COMP_0061,DIRECTOR_OF
DIR_0148,COMP_0202,DIRECTOR_OF
DIR_0149,COMP_0004,DIRECTOR_OF
DIR_0149,COMP_0496,DIRECTOR_OF
DIR_0150,COMP_0297,DIRECTOR_OF
DIR_0151,COMP_0352,DIRECTOR_OF
DIR_0151,COMP_0305,DIRECTOR_OF
DIR_0151,COMP_0079,DIRECTOR_OF
DIR_0151,COMP_0190,DIRECTOR_OF
DIR_0152,COMP_0127,DIRECTOR_OF
DIR_0153,COMP_0255,DIRECTOR_OF
DIR_0153,COMP_0046,DIRECTOR_OF
DIR_0154,COMP_0476,DIRECTOR_OF
DIR_0154,COMP_0496,DIRECTOR_OF
DIR_0154,COMP_0388,DIRECTOR_OF
DIR_0155,COMP_0030,DIRECTOR_OF
DIR_0156,COMP_0330,DIRECTOR_OF
DIR_0156,COMP_0078,DIRECTOR_OF
DIR_0156,COMP_0359,DIRECTOR_OF
DIR_0157,COMP_0064,DIRECTOR_OF
DIR_0158,COMP_0119,DIRECTOR_OF
DIR_0158,COMP_0162,DIRECTOR_OF
DIR_0158,COMP_0285,DIRECTOR_OF
DIR_0158,COMP_0403,DIRECTOR_OF
DIR_0159,COMP_0412,DIRECTOR_OF
DIR_0159,COMP_0456,DIRECTOR_OF
DIR_0159,COMP_0224,DIRECTOR_OF
DIR_0160,COMP_0010,DIRECTOR_OF
DIR_0160,COMP_0352,DIRECTOR_OF
DIR_0161,COMP_0183,DIRECTOR_OF
DIR_0161,COMP_0370,DIRECTOR_OF
DIR_0161,COMP_0068,DIRECTOR_OF
DIR_0161,COMP_0128,DIRECTOR_OF
DIR_0162,COMP_0248,DIRECTOR_OF
DIR_0163,COMP_0286,DIRECTOR_OF
DIR_0163,COMP_0150,DIRECTOR_OF
DIR_0163,COMP_0277,DIRECTOR_OF
DIR_0163,COMP_0356,DIRECTOR_OF
DIR_0164,COMP_0097,DIRECTOR_OF
DIR_0164,COMP_0290,DIRECTOR_OF
DIR_0164,COMP_0095,DIRECTOR_OF
DIR_0164,COMP_0278,DIRECTOR_OF
DIR_0165,COMP_0165,DIRECTOR_OF
DIR_0165,COMP_0374,DIRECTOR_OF
DIR_0165,COMP_0239,DIRECTOR_OF
DIR_0166,COMP_0444,DIRECTOR_OF
DIR_0166,COMP_0425,DIRECTOR_OF
DIR_0166,COMP_0306,DIRECTOR_OF
DIR_0167,COMP_0035,DIRECTOR_OF
DIR_0167,COMP_0271,DIRECTOR_OF
DIR_0168,COMP_0230,DIRECTOR_OF
DIR_0168,COMP_0151,DIRECTOR_OF
DIR_0169,COMP_0277,DIRECTOR_OF
DIR_0169,COMP_0187,DIRECTOR_OF
DIR_0169,COMP_0232,DIRECTOR_OF
DIR_0170,COMP_0397,DIRECTOR_OF
DIR_0171,COMP_0375,DIRECTOR_OF
DIR_0171,COMP_0094,DIRECTOR_OF
DIR_0171,COMP_0452,DIRECTOR_OF
DIR_0171,COMP_0009,DIRECTOR_OF
DIR_0172,COMP_0397,DIRECTOR_OF
DIR_0172,COMP_0317,DIRECTOR_OF
DIR_0172,COMP_0122,DIRECTOR_OF
DIR_0173,COMP_0369,DIRECTOR_OF
DIR_0173,COMP_0032,DIRECTOR_OF
DIR_0173,COMP_0337,DIRECTOR_OF
DIR_0174,COMP_0097,DIRECTOR_OF
DIR_0174,COMP_0268,DIRECTOR_OF
DIR_0174,COMP_0349,DIRECTOR_OF
DIR_0174,COMP_0254,DIRECTOR_OF
DIR_0175,COMP_0313,DIRECTOR_OF
DIR_0175,COMP_0144,DIRECTOR_OF
DIR_0176,COMP_0209,DIRECTOR_OF
DIR_0176,COMP_0328,DIRECTOR_OF
DIR_0176,COMP_0164,DIRECTOR_OF
DIR_0177,COMP_0049,DIRECTOR_OF
DIR_0178,COMP_0022,DIRECTOR_OF
DIR_0179,COMP_0091,DIRECTOR_OF
DIR_0179,COMP_0447,DIRECTOR_OF
DIR_0180,COMP_0103,DIRECTOR_OF
DIR_0181,COMP_0248,DIRECTOR_OF
DIR_0182,COMP_0050,DIRECTOR_OF
DIR_0182,COMP_0016,DIRECTOR_OF
DIR_0183,COMP_0336,DIRECTOR_OF
DIR_0183,COMP_0250,DIRECTOR_OF
DIR_0183,COMP_0269,DIRECTOR_OF
DIR_0183,COMP_0319,DIRECTOR_OF
DIR_0184,COMP_0025,DIRECTOR_OF
DIR_0184,COMP_0187,DIRECTOR_OF
DIR_0184,COMP_0113,DIRECTOR_OF
DIR_0185,COMP_0006,DIRECTOR_OF
DIR_0186,COMP_0335,DIRECTOR_OF
DIR_0186,COMP_0251,DIRECTOR_OF
DIR_0187,COMP_0239,DIRECTOR_OF
DIR_0188,COMP_0184,DIRECTOR_OF
DIR_0189,COMP_0420,DIRECTOR_OF
DIR_0189,COMP_0188,DIRECTOR_OF
DIR_0189,COMP_0406,DIRECTOR_OF
DIR_0189,COMP_0362,DIRECTOR_OF
DIR_0190,COMP_0421,DIRECTOR_OF
DIR_0191,COMP_0270,DIRECTOR_OF
DIR_0191,COMP_0020,DIRECTOR_OF
DIR_0191,COMP_0375,DIRECTOR_OF
DIR_0192,COMP_0427,DIRECTOR_OF
DIR_0193,COMP_0039,DIRECTOR_OF
DIR_0193,COMP_0483,DIRECTOR_OF
DIR_0193,COMP_0110,DIRECTOR_OF
DIR_0194,COMP_0051,DIRECTOR_OF
DIR_0195,COMP_0272,DIRECTOR_OF
DIR_0195,COMP_0197,DIRECTOR_OF
DIR_0196,COMP_0098,DIRECTOR_OF
DIR_0196,COMP_0269,DIRECTOR_OF
DIR_0197,COMP_0291,DIRECTOR_OF
DIR_0197,COMP_0320,DIRECTOR_OF
DIR_0198,COMP_0285,DIRECTOR_OF
DIR_0198,COMP_0383,DIRECTOR_OF
DIR_0199,COMP_0382,DIRECTOR_OF
DIR_0199,COMP_0054,DIRECTOR_OF
DIR_0199,COMP_0392,DIRECTOR_OF
DIR_0199,COMP_0326,DIRECTOR_OF
COMP_0345,TEND_0000,BIDDED_FOR
COMP_0359,TEND_0000,BIDDED_FOR
COMP_0234,TEND_0000,BIDDED_FOR
COMP_0218,TEND_0000,BIDDED_FOR
COMP_0340,TEND_0000,BIDDED_FOR
COMP_0452,TEND_0000,BIDDED_FOR
COMP_0183,TEND_0000,BIDDED_FOR
COMP_0053,TEND_0000,WON
COMP_0092,TEND_0001,BIDDED_FOR
COMP_0205,TEND_0001,BIDDED_FOR
COMP_0281,TEND_0001,BIDDED_FOR
COMP_0405,TEND_0001,BIDDED_FOR
COMP_0258,TEND_0001,WON
COMP_0273,TEND_0002,BIDDED_FOR
COMP_0307,TEND_0002,BIDDED_FOR
COMP_0226,TEND_0002,BIDDED_FOR
COMP_0080,TEND_0002,BIDDED_FOR
COMP_0336,TEND_0002,BIDDED_FOR
COMP_0477,TEND_0002,WON
COMP_0166,TEND_0003,BIDDED_FOR
COMP_0161,TEND_0003,BIDDED_FOR
COMP_0281,TEND_0003,BIDDED_FOR
COMP_0462,TEND_0003,BIDDED_FOR
COMP_0432,TEND_0003,BIDDED_FOR
COMP_0190,TEND_0003,WON
COMP_0371,TEND_0004,BIDDED_FOR
COMP_0422,TEND_0004,BIDDED_FOR
COMP_0391,TEND_0004,BIDDED_FOR
COMP_0165,TEND_0004,BIDDED_FOR
COMP_0220,TEND_0004,BIDDED_FOR
COMP_0324,TEND_0004,BIDDED_FOR
COMP_0311,TEND_0004,WON
COMP_0192,TEND_0005,BIDDED_FOR
COMP_0109,TEND_0005,BIDDED_FOR
COMP_0288,TEND_0005,BIDDED_FOR
COMP_0279,TEND_0005,BIDDED_FOR
COMP_0392,TEND_0005,WON
COMP_0492,TEND_0006,BIDDED_FOR
COMP_0381,TEND_0006,BIDDED_FOR
COMP_0231,TEND_0006,BIDDED_FOR
COMP_0184,TEND_0006,BIDDED_FOR
COMP_0229,TEND_0006,BIDDED_FOR
COMP_0474,TEND_0006,BIDDED_FOR
COMP_0130,TEND_0006,BIDDED_FOR
COMP_0491,TEND_0006,WON
COMP_0371,TEND_0007,BIDDED_FOR
COMP_0008,TEND_0007,BIDDED_FOR
COMP_0145,TEND_0007,BIDDED_FOR
COMP_0305,TEND_0007,BIDDED_FOR
COMP_0000,TEND_0007,BIDDED_FOR
COMP_0017,TEND_0007,BIDDED_FOR
COMP_0265,TEND_0007,WON
COMP_0154,TEND_0008,BIDDED_FOR
COMP_0153,TEND_0008,BIDDED_FOR
COMP_0455,TEND_0008,BIDDED_FOR
COMP_0003,TEND_0008,BIDDED_FOR
COMP_0113,TEND_0008,WON
COMP_0161,TEND_0009,BIDDED_FOR
COMP_0395,TEND_0009,BIDDED_FOR
COMP_0438,TEND_0009,BIDDED_FOR
COMP_0011,TEND_0009,BIDDED_FOR
COMP_0420,TEND_0009,WON
COMP_0292,TEND_0010,BIDDED_FOR
COMP_0284,TEND_0010,BIDDED_FOR
COMP_0283,TEND_0010,BIDDED_FOR
COMP_0470,TEND_0010,BIDDED_FOR
COMP_0261,TEND_0010,BIDDED_FOR
COMP_0474,TEND_0010,WON
COMP_0235,TEND_0011,BIDDED_FOR
COMP_0019,TEND_0011,BIDDED_FOR
COMP_0079,TEND_0011,BIDDED_FOR
COMP_0070,TEND_0011,BIDDED_FOR
COMP_0182,TEND_0011,BIDDED_FOR
COMP_0048,TEND_0011,BIDDED_FOR
COMP_0135,TEND_0011,WON
COMP_0127,TEND_0012,BIDDED_FOR
COMP_0455,TEND_0012,BIDDED_FOR
COMP_0298,TEND_0012,BIDDED_FOR
COMP_0131,TEND_0012,BIDDED_FOR
COMP_0119,TEND_0012,BIDDED_FOR
COMP_0415,TEND_0012,WON
COMP_0292,TEND_0013,BIDDED_FOR
COMP_0469,TEND_0013,BIDDED_FOR
COMP_0291,TEND_0013,BIDDED_FOR
COMP_0047,TEND_0013,BIDDED_FOR
COMP_0204,TEND_0013,BIDDED_FOR
COMP_0111,TEND_0013,WON
COMP_0405,TEND_0014,BIDDED_FOR
COMP_0370,TEND_0014,BIDDED_FOR
COMP_0166,TEND_0014,BIDDED_FOR
COMP_0247,TEND_0014,WON
COMP_0460,TEND_0015,BIDDED_FOR
COMP_0422,TEND_0015,BIDDED_FOR
COMP_0353,TEND_0015,BIDDED_FOR
COMP_0249,TEND_0015,BIDDED_FOR
COMP_0359,TEND_0015,WON
COMP_0048,TEND_0016,BIDDED_FOR
COMP_0304,TEND_0016,BIDDED_FOR
COMP_0019,TEND_0016,BIDDED_FOR
COMP_0464,TEND_0016,BIDDED_FOR
COMP_0419,TEND_0016,BIDDED_FOR
COMP_0153,TEND_0016,BIDDED_FOR
COMP_0328,TEND_0016,BIDDED_FOR
COMP_0374,TEND_0016,WON
COMP_0195,TEND_0017,BIDDED_FOR
COMP_0028,TEND_0017,BIDDED_FOR
COMP_0399,TEND_0017,BIDDED_FOR
COMP_0471,TEND_0017,BIDDED_FOR
COMP_0394,TEND_0017,BIDDED_FOR
COMP_0171,TEND_0017,BIDDED_FOR
COMP_0040,TEND_0017,BIDDED_FOR
COMP_0178,TEND_0017,WON
COMP_0061,TEND_0018,BIDDED_FOR
COMP_0444,TEND_0018,BIDDED_FOR
COMP_0213,TEND_0018,BIDDED_FOR
COMP_0445,TEND_0018,BIDDED_FOR
COMP_0394,TEND_0018,BIDDED_FOR
COMP_0476,TEND_0018,BIDDED_FOR
COMP_0116,TEND_0018,WON
COMP_0195,TEND_0019,BIDDED_FOR
COMP_0323,TEND_0019,BIDDED_FOR
COMP_0398,TEND_0019,BIDDED_FOR
COMP_0027,TEND_0019,BIDDED_FOR
COMP_0005,TEND_0019,BIDDED_FOR
COMP_0475,TEND_0019,BIDDED_FOR
COMP_0324,TEND_0019,BIDDED_FOR
COMP_0156,TEND_0019,WON
COMP_0289,TEND_0020,BIDDED_FOR
COMP_0021,TEND_0020,BIDDED_FOR
COMP_0276,TEND_0020,BIDDED_FOR
COMP_0167,TEND_0020,BIDDED_FOR
COMP_0076,TEND_0020,BIDDED_FOR
COMP_0163,TEND_0020,BIDDED_FOR
COMP_0257,TEND_0020,BIDDED_FOR
COMP_0357,TEND_0020,WON
COMP_0078,TEND_0021,BIDDED_FOR
COMP_0374,TEND_0021,BIDDED_FOR
COMP_0025,TEND_0021,BIDDED_FOR
COMP_0344,TEND_0021,BIDDED_FOR
COMP_0201,TEND_0021,WON
COMP_0113,TEND_0022,BIDDED_FOR
COMP_0304,TEND_0022,BIDDED_FOR
COMP_0258,TEND_0022,BIDDED_FOR
COMP_0294,TEND_0022,BIDDED_FOR
COMP_0385,TEND_0022,BIDDED_FOR
COMP_0046,TEND_0022,BIDDED_FOR
COMP_0221,TEND_0022,WON
COMP_0402,TEND_0023,BIDDED_FOR
COMP_0172,TEND_0023,BIDDED_FOR
COMP_0201,TEND_0023,BIDDED_FOR
COMP_0075,TEND_0023,BIDDED_FOR
COMP_0067,TEND_0023,BIDDED_FOR
COMP_0042,TEND_0023,WON
COMP_0292,TEND_0024,BIDDED_FOR
COMP_0381,TEND_0024,BIDDED_FOR
COMP_0280,TEND_0024,BIDDED_FOR
COMP_0025,TEND_0024,BIDDED_FOR
COMP_0134,TEND_0024,BIDDED_FOR
COMP_0204,TEND_0024,BIDDED_FOR
COMP_0043,TEND_0024,WON
COMP_0256,TEND_0025,BIDDED_FOR
COMP_0396,TEND_0025,BIDDED_FOR
COMP_0390,TEND_0025,BIDDED_FOR
COMP_0222,TEND_0025,BIDDED_FOR
COMP_0066,TEND_0025,BIDDED_FOR
COMP_0357,TEND_0025,BIDDED_FOR
COMP_0069,TEND_0025,WON
COMP_0292,TEND_0026,BIDDED_FOR
COMP_0333,TEND_0026,BIDDED_FOR
COMP_0286,TEND_0026,BIDDED_FOR
COMP_0249,TEND_0026,BIDDED_FOR
COMP_0202,TEND_0026,BIDDED_FOR
COMP_0101,TEND_0026,BIDDED_FOR
COMP_0100,TEND_0026,WON
COMP_0124,TEND_0027,BIDDED_FOR
COMP_0315,TEND_0027,BIDDED_FOR
COMP_0376,TEND_0027,BIDDED_FOR
COMP_0136,TEND_0027,BIDDED_FOR
COMP_0036,TEND_0027,BIDDED_FOR
COMP_0126,TEND_0027,BIDDED_FOR
COMP_0268,TEND_0027,BIDDED_FOR
COMP_0397,TEND_0027,WON
COMP_0045,TEND_0028,BIDDED_FOR
COMP_0165,TEND_0028,BIDDED_FOR
COMP_0473,TEND_0028,BIDDED_FOR
COMP_0057,TEND_0028,BIDDED_FOR
COMP_0350,TEND_0028,BIDDED_FOR
COMP_0294,TEND_0028,BIDDED_FOR
COMP_0343,TEND_0028,WON
COMP_0178,TEND_0029,BIDDED_FOR
COMP_0097,TEND_0029,BIDDED_FOR
COMP_0216,TEND_0029,BIDDED_FOR
COMP_0187,TEND_0029,BIDDED_FOR
COMP_0176,TEND_0029,BIDDED_FOR
COMP_0164,TEND_0029,BIDDED_FOR
COMP_0304,TEND_0029,WON
COMP_0156,TEND_0030,BIDDED_FOR
COMP_0394,TEND_0030,BIDDED_FOR
COMP_0086,TEND_0030,BIDDED_FOR
COMP_0179,TEND_0030,WON
COMP_0226,TEND_0031,BIDDED_FOR
COMP_0022,TEND_0031,BIDDED_FOR
COMP_0411,TEND_0031,BIDDED_FOR
COMP_0420,TEND_0031,BIDDED_FOR
COMP_0074,TEND_0031,BIDDED_FOR
COMP_0225,TEND_0031,BIDDED_FOR
COMP_0319,TEND_0031,BIDDED_FOR
COMP_0473,TEND_0031,WON
COMP_0079,TEND_0032,BIDDED_FOR
COMP_0191,TEND_0032,BIDDED_FOR
COMP_0350,TEND_0032,BIDDED_FOR
COMP_0102,TEND_0032,BIDDED_FOR
COMP_0387,TEND_0032,WON
COMP_0378,TEND_0033,BIDDED_FOR
COMP_0057,TEND_0033,BIDDED_FOR
COMP_0027,TEND_0033,BIDDED_FOR
COMP_0124,TEND_0033,WON
COMP_0426,TEND_0034,BIDDED_FOR
COMP_0444,TEND_0034,BIDDED_FOR
COMP_0007,TEND_0034,BIDDED_FOR
COMP_0075,TEND_0034,BIDDED_FOR
COMP_0147,TEND_0034,BIDDED_FOR
COMP_0474,TEND_0034,BIDDED_FOR
COMP_0419,TEND_0034,BIDDED_FOR
COMP_0175,TEND_0034,WON
COMP_0156,TEND_0035,BIDDED_FOR
COMP_0241,TEND_0035,BIDDED_FOR
COMP_0230,TEND_0035,BIDDED_FOR
COMP_0011,TEND_0035,WON
COMP_0378,TEND_0036,BIDDED_FOR
COMP_0108,TEND_0036,BIDDED_FOR
COMP_0275,TEND_0036,BIDDED_FOR
COMP_0104,TEND_0036,BIDDED_FOR
COMP_0107,TEND_0036,BIDDED_FOR
COMP_0279,TEND_0036,WON
COMP_0132,TEND_0037,BIDDED_FOR
COMP_0072,TEND_0037,BIDDED_FOR
COMP_0280,TEND_0037,BIDDED_FOR
COMP_0318,TEND_0037,BIDDED_FOR
COMP_0373,TEND_0037,BIDDED_FOR
COMP_0247,TEND_0037,BIDDED_FOR
COMP_0384,TEND_0037,BIDDED_FOR
COMP_0355,TEND_0037,WON
COMP_0298,TEND_0038,BIDDED_FOR
COMP_0192,TEND_0038,BIDDED_FOR
COMP_0463,TEND_0038,BIDDED_FOR
COMP_0339,TEND_0038,WON
COMP_0404,TEND_0039,BIDDED_FOR
COMP_0030,TEND_0039,BIDDED_FOR
COMP_0087,TEND_0039,BIDDED_FOR
COMP_0145,TEND_0039,BIDDED_FOR
COMP_0022,TEND_0039,BIDDED_FOR
COMP_0130,TEND_0039,BIDDED_FOR
COMP_0102,TEND_0039,BIDDED_FOR
COMP_0356,TEND_0039,WON
COMP_0483,TEND_0040,BIDDED_FOR
COMP_0004,TEND_0040,BIDDED_FOR
COMP_0238,TEND_0040,BIDDED_FOR
COMP_0027,TEND_0040,BIDDED_FOR
COMP_0138,TEND_0040,BIDDED_FOR
COMP_0034,TEND_0040,BIDDED_FOR
COMP_0335,TEND_0040,BIDDED_FOR
COMP_0198,TEND_0040,WON
COMP_0339,TEND_0041,BIDDED_FOR
COMP_0337,TEND_0041,BIDDED_FOR
COMP_0467,TEND_0041,BIDDED_FOR
COMP_0184,TEND_0041,BIDDED_FOR
COMP_0436,TEND_0041,BIDDED_FOR
COMP_0442,TEND_0041,WON
COMP_0149,TEND_0042,BIDDED_FOR
COMP_0444,TEND_0042,BIDDED_FOR
COMP_0009,TEND_0042,BIDDED_FOR
COMP_0452,TEND_0042,WON
COMP_0462,TEND_0043,BIDDED_FOR
COMP_0363,TEND_0043,BIDDED_FOR
COMP_0194,TEND_0043,BIDDED_FOR
COMP_0118,TEND_0043,BIDDED_FOR
COMP_0050,TEND_0043,BIDDED_FOR
COMP_0260,TEND_0043,BIDDED_FOR
COMP_0161,TEND_0043,WON
COMP_0045,TEND_0044,BIDDED_FOR
COMP_0305,TEND_0044,BIDDED_FOR
COMP_0443,TEND_0044,BIDDED_FOR
COMP_0095,TEND_0044,BIDDED_FOR
COMP_0272,TEND_0044,BIDDED_FOR
COMP_0101,TEND_0044,BIDDED_FOR
COMP_0256,TEND_0044,WON
COMP_0287,TEND_0045,BIDDED_FOR
COMP_0020,TEND_0045,BIDDED_FOR
COMP_0364,TEND_0045,BIDDED_FOR
COMP_0011,TEND_0045,BIDDED_FOR
COMP_0126,TEND_0045,BIDDED_FOR
COMP_0474,TEND_0045,BIDDED_FOR
COMP_0472,TEND_0045,WON
COMP_0381,TEND_0046,BIDDED_FOR
COMP_0170,TEND_0046,BIDDED_FOR
COMP_0250,TEND_0046,BIDDED_FOR
COMP_0080,TEND_0046,BIDDED_FOR
COMP_0009,TEND_0046,BIDDED_FOR
COMP_0156,TEND_0046,BIDDED_FOR
COMP_0201,TEND_0046,BIDDED_FOR
COMP_0177,TEND_0046,WON
COMP_0181,TEND_0047,BIDDED_FOR
COMP_0120,TEND_0047,BIDDED_FOR
COMP_0154,TEND_0047,BIDDED_FOR
COMP_0320,TEND_0047,BIDDED_FOR
COMP_0256,TEND_0047,BIDDED_FOR
COMP_0141,TEND_0047,WON
COMP_0131,TEND_0048,BIDDED_FOR
COMP_0320,TEND_0048,BIDDED_FOR
COMP_0449,TEND_0048,BIDDED_FOR
COMP_0198,TEND_0048,WON
COMP_0284,TEND_0049,BIDDED_FOR
COMP_0485,TEND_0049,BIDDED_FOR
COMP_0483,TEND_0049,BIDDED_FOR
COMP_0143,TEND_0049,WON
COMP_0459,TEND_0050,BIDDED_FOR
COMP_0174,TEND_0050,BIDDED_FOR
COMP_0077,TEND_0050,BIDDED_FOR
COMP_0201,TEND_0050,BIDDED_FOR
COMP_0336,TEND_0050,WON
COMP_0195,TEND_0051,BIDDED_FOR
COMP_0266,TEND_0051,BIDDED_FOR
COMP_0044,TEND_0051,BIDDED_FOR
COMP_0373,TEND_0051,BIDDED_FOR
COMP_0491,TEND_0051,WON
COMP_0123,TEND_0052,BIDDED_FOR
COMP_0351,TEND_0052,BIDDED_FOR
COMP_0213,TEND_0052,BIDDED_FOR
COMP_0320,TEND_0052,BIDDED_FOR
COMP_0293,TEND_0052,BIDDED_FOR
COMP_0116,TEND_0052,BIDDED_FOR
COMP_0446,TEND_0052,BIDDED_FOR
COMP_0078,TEND_0052,WON
COMP_0168,TEND_0053,BIDDED_FOR
COMP_0159,TEND_0053,BIDDED_FOR
COMP_0496,TEND_0053,BIDDED_FOR
COMP_0229,TEND_0053,BIDDED_FOR
COMP_0465,TEND_0053,BIDDED_FOR
COMP_0309,TEND_0053,BIDDED_FOR
COMP_0277,TEND_0053,WON
COMP_0070,TEND_0054,BIDDED_FOR
COMP_0334,TEND_0054,BIDDED_FOR
COMP_0297,TEND_0054,BIDDED_FOR
COMP_0105,TEND_0054,BIDDED_FOR
COMP_0277,TEND_0054,WON
COMP_0070,TEND_0055,BIDDED_FOR
COMP_0352,TEND_0055,BIDDED_FOR
COMP_0158,TEND_0055,BIDDED_FOR
COMP_0441,TEND_0055,BIDDED_FOR
COMP_0361,TEND_0055,WON
COMP_0499,TEND_0056,BIDDED_FOR
COMP_0220,TEND_0056,BIDDED_FOR
COMP_0074,TEND_0056,BIDDED_FOR
COMP_0069,TEND_0056,BIDDED_FOR
COMP_0394,TEND_0056,BIDDED_FOR
COMP_0465,TEND_0056,BIDDED_FOR
COMP_0335,TEND_0056,WON
COMP_0469,TEND_0057,BIDDED_FOR
COMP_0285,TEND_0057,BIDDED_FOR
COMP_0162,TEND_0057,BIDDED_FOR
COMP_0080,TEND_0057,BIDDED_FOR
COMP_0485,TEND_0057,BIDDED_FOR
COMP_0034,TEND_0057,BIDDED_FOR
COMP_0272,TEND_0057,BIDDED_FOR
COMP_0368,TEND_0057,WON
COMP_0429,TEND_0058,BIDDED_FOR
COMP_0094,TEND_0058,BIDDED_FOR
COMP_0162,TEND_0058,BIDDED_FOR
COMP_0450,TEND_0058,WON
COMP_0391,TEND_0059,BIDDED_FOR
COMP_0015,TEND_0059,BIDDED_FOR
COMP_0372,TEND_0059,BIDDED_FOR
COMP_0163,TEND_0059,BIDDED_FOR
COMP_0450,TEND_0059,WON
COMP_0492,TEND_0060,BIDDED_FOR
COMP_0226,TEND_0060,BIDDED_FOR
COMP_0381,TEND_0060,BIDDED_FOR
COMP_0210,TEND_0060,BIDDED_FOR
COMP_0478,TEND_0060,BIDDED_FOR
COMP_0155,TEND_0060,BIDDED_FOR
COMP_0420,TEND_0060,WON
COMP_0054,TEND_0061,BIDDED_FOR
COMP_0398,TEND_0061,BIDDED_FOR
COMP_0096,TEND_0061,BIDDED_FOR
COMP_0077,TEND_0061,BIDDED_FOR
COMP_0067,TEND_0061,BIDDED_FOR
COMP_0094,TEND_0061,WON
COMP_0315,TEND_0062,BIDDED_FOR
COMP_0313,TEND_0062,BIDDED_FOR
COMP_0390,TEND_0062,BIDDED_FOR
COMP_0136,TEND_0062,WON
COMP_0351,TEND_0063,BIDDED_FOR
COMP_0305,TEND_0063,BIDDED_FOR
COMP_0118,TEND_0063,BIDDED_FOR
COMP_0313,TEND_0063,BIDDED_FOR
COMP_0290,TEND_0063,BIDDED_FOR
COMP_0013,TEND_0063,WON
COMP_0068,TEND_0064,BIDDED_FOR
COMP_0352,TEND_0064,BIDDED_FOR
COMP_0399,TEND_0064,BIDDED_FOR
COMP_0244,TEND_0064,BIDDED_FOR
COMP_0040,TEND_0064,BIDDED_FOR
COMP_0257,TEND_0064,WON
COMP_0436,TEND_0065,BIDDED_FOR
COMP_0094,TEND_0065,BIDDED_FOR
COMP_0240,TEND_0065,BIDDED_FOR
COMP_0364,TEND_0065,BIDDED_FOR
COMP_0191,TEND_0065,BIDDED_FOR
COMP_0198,TEND_0065,BIDDED_FOR
COMP_0332,TEND_0065,BIDDED_FOR
COMP_0251,TEND_0065,WON
COMP_0098,TEND_0066,BIDDED_FOR
COMP_0083,TEND_0066,BIDDED_FOR
COMP_0115,TEND_0066,BIDDED_FOR
COMP_0070,TEND_0066,BIDDED_FOR
COMP_0209,TEND_0066,BIDDED_FOR
COMP_0016,TEND_0066,BIDDED_FOR
COMP_0391,TEND_0066,WON
COMP_0138,TEND_0067,BIDDED_FOR
COMP_0473,TEND_0067,BIDDED_FOR
COMP_0486,TEND_0067,BIDDED_FOR
COMP_0211,TEND_0067,WON
COMP_0343,TEND_0068,BIDDED_FOR
COMP_0380,TEND_0068,BIDDED_FOR
COMP_0103,TEND_0068,BIDDED_FOR
COMP_0387,TEND_0068,BIDDED_FOR
COMP_0104,TEND_0068,WON
COMP_0488,TEND_0069,BIDDED_FOR
COMP_0474,TEND_0069,BIDDED_FOR
COMP_0090,TEND_0069,BIDDED_FOR
COMP_0224,TEND_0069,WON
COMP_0166,TEND_0070,BIDDED_FOR
COMP_0352,TEND_0070,BIDDED_FOR
COMP_0250,TEND_0070,BIDDED_FOR
COMP_0234,TEND_0070,BIDDED_FOR
COMP_0443,TEND_0070,BIDDED_FOR
COMP_0126,TEND_0070,BIDDED_FOR
COMP_0454,TEND_0070,BIDDED_FOR
COMP_0218,TEND_0070,WON
COMP_0422,TEND_0071,BIDDED_FOR
COMP_0397,TEND_0071,BIDDED_FOR
COMP_0021,TEND_0071,BIDDED_FOR
COMP_0376,TEND_0071,BIDDED_FOR
COMP_0311,TEND_0071,BIDDED_FOR
COMP_0194,TEND_0071,BIDDED_FOR
COMP_0368,TEND_0071,WON
COMP_0292,TEND_0072,BIDDED_FOR
COMP_0380,TEND_0072,BIDDED_FOR
COMP_0313,TEND_0072,BIDDED_FOR
COMP_0201,TEND_0072,BIDDED_FOR
COMP_0480,TEND_0072,BIDDED_FOR
COMP_0304,TEND_0072,WON
COMP_0402,TEND_0073,BIDDED_FOR
COMP_0448,TEND_0073,BIDDED_FOR
COMP_0019,TEND_0073,BIDDED_FOR
COMP_0266,TEND_0073,BIDDED_FOR
COMP_0360,TEND_0073,BIDDED_FOR
COMP_0268,TEND_0073,BIDDED_FOR
COMP_0328,TEND_0073,BIDDED_FOR
COMP_0055,TEND_0073,WON
COMP_0449,TEND_0074,BIDDED_FOR
COMP_0233,TEND_0074,BIDDED_FOR
COMP_0021,TEND_0074,BIDDED_FOR
COMP_0423,TEND_0074,BIDDED_FOR
COMP_0125,TEND_0074,BIDDED_FOR
COMP_0265,TEND_0074,WON
COMP_0264,TEND_0075,BIDDED_FOR
COMP_0020,TEND_0075,BIDDED_FOR
COMP_0285,TEND_0075,BIDDED_FOR
COMP_0391,TEND_0075,BIDDED_FOR
COMP_0376,TEND_0075,BIDDED_FOR
COMP_0202,TEND_0075,BIDDED_FOR
COMP_0198,TEND_0075,BIDDED_FOR
COMP_0322,TEND_0075,WON
COMP_0149,TEND_0076,BIDDED_FOR
COMP_0097,TEND_0076,BIDDED_FOR
COMP_0225,TEND_0076,BIDDED_FOR
COMP_0203,TEND_0076,WON
COMP_0085,TEND_0077,BIDDED_FOR
COMP_0423,TEND_0077,BIDDED_FOR
COMP_0396,TEND_0077,BIDDED_FOR
COMP_0146,TEND_0077,BIDDED_FOR
COMP_0236,TEND_0077,BIDDED_FOR
COMP_0216,TEND_0077,WON
COMP_0264,TEND_0078,BIDDED_FOR
COMP_0353,TEND_0078,BIDDED_FOR
COMP_0470,TEND_0078,BIDDED_FOR
COMP_0027,TEND_0078,BIDDED_FOR
COMP_0313,TEND_0078,BIDDED_FOR
COMP_0462,TEND_0078,WON
COMP_0330,TEND_0079,BIDDED_FOR
COMP_0231,TEND_0079,BIDDED_FOR
COMP_0424,TEND_0079,BIDDED_FOR
COMP_0237,TEND_0079,BIDDED_FOR
COMP_0046,TEND_0079,WON
COMP_0457,TEND_0080,BIDDED_FOR
COMP_0092,TEND_0080,BIDDED_FOR
COMP_0398,TEND_0080,BIDDED_FOR
COMP_0299,TEND_0080,BIDDED_FOR
COMP_0057,TEND_0080,BIDDED_FOR
COMP_0480,TEND_0080,BIDDED_FOR
COMP_0356,TEND_0080,BIDDED_FOR
COMP_0279,TEND_0080,WON
COMP_0211,TEND_0081,BIDDED_FOR
COMP_0230,TEND_0081,BIDDED_FOR
COMP_0165,TEND_0081,BIDDED_FOR
COMP_0201,TEND_0081,BIDDED_FOR
COMP_0012,TEND_0081,WON
COMP_0232,TEND_0082,BIDDED_FOR
COMP_0302,TEND_0082,BIDDED_FOR
COMP_0459,TEND_0082,BIDDED_FOR
COMP_0364,TEND_0082,BIDDED_FOR
COMP_0458,TEND_0082,WON
COMP_0128,TEND_0083,BIDDED_FOR
COMP_0232,TEND_0083,BIDDED_FOR
COMP_0046,TEND_0083,BIDDED_FOR
COMP_0451,TEND_0083,BIDDED_FOR
COMP_0165,TEND_0083,WON
COMP_0375,TEND_0084,BIDDED_FOR
COMP_0046,TEND_0084,BIDDED_FOR
COMP_0063,TEND_0084,BIDDED_FOR
COMP_0367,TEND_0084,BIDDED_FOR
COMP_0058,TEND_0084,WON
COMP_0185,TEND_0085,BIDDED_FOR
COMP_0043,TEND_0085,BIDDED_FOR
COMP_0362,TEND_0085,BIDDED_FOR
COMP_0268,TEND_0085,BIDDED_FOR
COMP_0196,TEND_0085,BIDDED_FOR
COMP_0324,TEND_0085,BIDDED_FOR
COMP_0372,TEND_0085,WON
COMP_0081,TEND_0086,BIDDED_FOR
COMP_0486,TEND_0086,BIDDED_FOR
COMP_0194,TEND_0086,BIDDED_FOR
COMP_0022,TEND_0086,BIDDED_FOR
COMP_0313,TEND_0086,BIDDED_FOR
COMP_0281,TEND_0086,BIDDED_FOR
COMP_0193,TEND_0086,BIDDED_FOR
COMP_0393,TEND_0086,WON
COMP_0467,TEND_0087,BIDDED_FOR
COMP_0289,TEND_0087,BIDDED_FOR
COMP_0171,TEND_0087,BIDDED_FOR
COMP_0446,TEND_0087,BIDDED_FOR
COMP_0337,TEND_0087,WON
COMP_0083,TEND_0088,BIDDED_FOR
COMP_0091,TEND_0088,BIDDED_FOR
COMP_0074,TEND_0088,BIDDED_FOR
COMP_0444,TEND_0088,BIDDED_FOR
COMP_0393,TEND_0088,WON
COMP_0214,TEND_0089,BIDDED_FOR
COMP_0157,TEND_0089,BIDDED_FOR
COMP_0158,TEND_0089,BIDDED_FOR
COMP_0373,TEND_0089,WON
COMP_0092,TEND_0090,BIDDED_FOR
COMP_0320,TEND_0090,BIDDED_FOR
COMP_0147,TEND_0090,BIDDED_FOR
COMP_0460,TEND_0090,BIDDED_FOR
COMP_0060,TEND_0090,BIDDED_FOR
COMP_0067,TEND_0090,BIDDED_FOR
COMP_0491,TEND_0090,WON
COMP_0391,TEND_0091,BIDDED_FOR
COMP_0318,TEND_0091,BIDDED_FOR
COMP_0129,TEND_0091,BIDDED_FOR
COMP_0001,TEND_0091,BIDDED_FOR
COMP_0006,TEND_0091,WON
COMP_0255,TEND_0092,BIDDED_FOR
COMP_0254,TEND_0092,BIDDED_FOR
COMP_0437,TEND_0092,BIDDED_FOR
COMP_0413,TEND_0092,BIDDED_FOR
COMP_0002,TEND_0092,BIDDED_FOR
COMP_0278,TEND_0092,BIDDED_FOR
COMP_0311,TEND_0092,WON
COMP_0111,TEND_0093,BIDDED_FOR
COMP_0337,TEND_0093,BIDDED_FOR
COMP_0232,TEND_0093,BIDDED_FOR
COMP_0243,TEND_0093,BIDDED_FOR
COMP_0301,TEND_0093,BIDDED_FOR
COMP_0121,TEND_0093,BIDDED_FOR
COMP_0209,TEND_0093,WON
COMP_0307,TEND_0094,BIDDED_FOR
COMP_0451,TEND_0094,BIDDED_FOR
COMP_0125,TEND_0094,BIDDED_FOR
COMP_0003,TEND_0094,BIDDED_FOR
COMP_0040,TEND_0094,BIDDED_FOR
COMP_0280,TEND_0094,WON
COMP_0422,TEND_0095,BIDDED_FOR
COMP_0285,TEND_0095,BIDDED_FOR
COMP_0321,TEND_0095,BIDDED_FOR
COMP_0317,TEND_0095,BIDDED_FOR
COMP_0419,TEND_0095,BIDDED_FOR
COMP_0106,TEND_0095,WON
COMP_0028,TEND_0096,BIDDED_FOR
COMP_0094,TEND_0096,BIDDED_FOR
COMP_0075,TEND_0096,BIDDED_FOR
COMP_0334,TEND_0096,WON
COMP_0018,TEND_0097,BIDDED_FOR
COMP_0437,TEND_0097,BIDDED_FOR
COMP_0341,TEND_0097,BIDDED_FOR
COMP_0074,TEND_0097,BIDDED_FOR
COMP_0016,TEND_0097,BIDDED_FOR
COMP_0295,TEND_0097,WON
COMP_0055,TEND_0098,BIDDED_FOR
COMP_0152,TEND_0098,BIDDED_FOR
COMP_0025,TEND_0098,BIDDED_FOR
COMP_0213,TEND_0098,BIDDED_FOR
COMP_0471,TEND_0098,BIDDED_FOR
COMP_0044,TEND_0098,BIDDED_FOR
COMP_0169,TEND_0098,BIDDED_FOR
COMP_0091,TEND_0098,WON
COMP_0338,TEND_0099,BIDDED_FOR
COMP_0312,TEND_0099,BIDDED_FOR
COMP_0344,TEND_0099,BIDDED_FOR
COMP_0145,TEND_0099,BIDDED_FOR
COMP_0354,TEND_0099,WON
COMP_0403,TEND_0100,BIDDED_FOR
COMP_0287,TEND_0100,BIDDED_FOR
COMP_0383,TEND_0100,BIDDED_FOR
COMP_0233,TEND_0100,BIDDED_FOR
COMP_0494,TEND_0100,BIDDED_FOR
COMP_0090,TEND_0100,BIDDED_FOR
COMP_0293,TEND_0100,BIDDED_FOR
COMP_0296,TEND_0100,WON
COMP_0018,TEND_0101,BIDDED_FOR
COMP_0047,TEND_0101,BIDDED_FOR
COMP_0476,TEND_0101,BIDDED_FOR
COMP_0153,TEND_0101,BIDDED_FOR
COMP_0393,TEND_0101,BIDDED_FOR
COMP_0165,TEND_0101,WON
COMP_0459,TEND_0102,BIDDED_FOR
COMP_0194,TEND_0102,BIDDED_FOR
COMP_0388,TEND_0102,BIDDED_FOR
COMP_0034,TEND_0102,BIDDED_FOR
COMP_0419,TEND_0102,BIDDED_FOR
COMP_0218,TEND_0102,WON
COMP_0149,TEND_0103,BIDDED_FOR
COMP_0068,TEND_0103,BIDDED_FOR
COMP_0033,TEND_0103,BIDDED_FOR
COMP_0440,TEND_0103,BIDDED_FOR
COMP_0241,TEND_0103,BIDDED_FOR
COMP_0355,TEND_0103,BIDDED_FOR
COMP_0062,TEND_0103,BIDDED_FOR
COMP_0140,TEND_0103,WON
COMP_0269,TEND_0104,BIDDED_FOR
COMP_0107,TEND_0104,BIDDED_FOR
COMP_0211,TEND_0104,BIDDED_FOR
COMP_0268,TEND_0104,BIDDED_FOR
COMP_0356,TEND_0104,BIDDED_FOR
COMP_0107,TEND_0104,WON
COMP_0292,TEND_0105,BIDDED_FOR
COMP_0044,TEND_0105,BIDDED_FOR
COMP_0029,TEND_0105,BIDDED_FOR
COMP_0322,TEND_0105,BIDDED_FOR
COMP_0270,TEND_0105,BIDDED_FOR
COMP_0373,TEND_0105,BIDDED_FOR
COMP_0055,TEND_0105,BIDDED_FOR
COMP_0247,TEND_0105,WON
COMP_0403,TEND_0106,BIDDED_FOR
COMP_0434,TEND_0106,BIDDED_FOR
COMP_0311,TEND_0106,BIDDED_FOR
COMP_0478,TEND_0106,BIDDED_FOR
COMP_0218,TEND_0106,BIDDED_FOR
COMP_0147,TEND_0106,BIDDED_FOR
COMP_0361,TEND_0106,BIDDED_FOR
COMP_0162,TEND_0106,WON
COMP_0269,TEND_0107,BIDDED_FOR
COMP_0181,TEND_0107,BIDDED_FOR
COMP_0294,TEND_0107,BIDDED_FOR
COMP_0474,TEND_0107,BIDDED_FOR
COMP_0319,TEND_0107,BIDDED_FOR
COMP_0066,TEND_0107,WON
COMP_0323,TEND_0108,BIDDED_FOR
COMP_0288,TEND_0108,BIDDED_FOR
COMP_0252,TEND_0108,BIDDED_FOR
COMP_0266,TEND_0108,BIDDED_FOR
COMP_0373,TEND_0108,BIDDED_FOR
COMP_0254,TEND_0108,BIDDED_FOR
COMP_0413,TEND_0108,WON
COMP_0362,TEND_0109,BIDDED_FOR
COMP_0312,TEND_0109,BIDDED_FOR
COMP_0452,TEND_0109,BIDDED_FOR
COMP_0119,TEND_0109,BIDDED_FOR
COMP_0148,TEND_0109,WON
COMP_0012,TEND_0110,BIDDED_FOR
COMP_0060,TEND_0110,BIDDED_FOR
COMP_0000,TEND_0110,BIDDED_FOR
COMP_0238,TEND_0110,BIDDED_FOR
COMP_0320,TEND_0110,WON
COMP_0434,TEND_0111,BIDDED_FOR
COMP_0377,TEND_0111,BIDDED_FOR
COMP_0106,TEND_0111,BIDDED_FOR
COMP_0409,TEND_0111,WON
COMP_0412,TEND_0112,BIDDED_FOR
COMP_0286,TEND_0112,BIDDED_FOR
COMP_0170,TEND_0112,BIDDED_FOR
COMP_0212,TEND_0112,BIDDED_FOR
COMP_0023,TEND_0112,BIDDED_FOR
COMP_0211,TEND_0112,BIDDED_FOR
COMP_0179,TEND_0112,BIDDED_FOR
COMP_0326,TEND_0112,WON
COMP_0353,TEND_0113,BIDDED_FOR
COMP_0103,TEND_0113,BIDDED_FOR
COMP_0005,TEND_0113,BIDDED_FOR
COMP_0327,TEND_0113,BIDDED_FOR
COMP_0144,TEND_0113,WON
COMP_0404,TEND_0114,BIDDED_FOR
COMP_0157,TEND_0114,BIDDED_FOR
COMP_0034,TEND_0114,BIDDED_FOR
COMP_0153,TEND_0114,BIDDED_FOR
COMP_0259,TEND_0114,BIDDED_FOR
COMP_0281,TEND_0114,WON
COMP_0351,TEND_0115,BIDDED_FOR
COMP_0170,TEND_0115,BIDDED_FOR
COMP_0058,TEND_0115,BIDDED_FOR
COMP_0003,TEND_0115,BIDDED_FOR
COMP_0392,TEND_0115,BIDDED_FOR
COMP_0174,TEND_0115,WON
COMP_0291,TEND_0116,BIDDED_FOR
COMP_0426,TEND_0116,BIDDED_FOR
COMP_0315,TEND_0116,BIDDED_FOR
COMP_0014,TEND_0116,BIDDED_FOR
COMP_0491,TEND_0116,BIDDED_FOR
COMP_0370,TEND_0116,BIDDED_FOR
COMP_0089,TEND_0116,WON
COMP_0472,TEND_0117,BIDDED_FOR
COMP_0173,TEND_0117,BIDDED_FOR
COMP_0426,TEND_0117,BIDDED_FOR
COMP_0169,TEND_0117,BIDDED_FOR
COMP_0344,TEND_0117,WON
COMP_0469,TEND_0118,BIDDED_FOR
COMP_0242,TEND_0118,BIDDED_FOR
COMP_0018,TEND_0118,BIDDED_FOR
COMP_0408,TEND_0118,BIDDED_FOR
COMP_0330,TEND_0118,BIDDED_FOR
COMP_0069,TEND_0118,BIDDED_FOR
COMP_0246,TEND_0118,WON
COMP_0442,TEND_0119,BIDDED_FOR
COMP_0235,TEND_0119,BIDDED_FOR
COMP_0456,TEND_0119,BIDDED_FOR
COMP_0321,TEND_0119,BIDDED_FOR
COMP_0274,TEND_0119,WON
COMP_0401,TEND_0120,BIDDED_FOR
COMP_0416,TEND_0120,BIDDED_FOR
COMP_0475,TEND_0120,BIDDED_FOR
COMP_0211,TEND_0120,BIDDED_FOR
COMP_0236,TEND_0120,BIDDED_FOR
COMP_0380,TEND_0120,WON
COMP_0266,TEND_0121,BIDDED_FOR
COMP_0153,TEND_0121,BIDDED_FOR
COMP_0427,TEND_0121,BIDDED_FOR
COMP_0289,TEND_0121,WON
COMP_0284,TEND_0122,BIDDED_FOR
COMP_0106,TEND_0122,BIDDED_FOR
COMP_0009,TEND_0122,BIDDED_FOR
COMP_0295,TEND_0122,BIDDED_FOR
COMP_0274,TEND_0122,BIDDED_FOR
COMP_0350,TEND_0122,WON
COMP_0469,TEND_0123,BIDDED_FOR
COMP_0407,TEND_0123,BIDDED_FOR
COMP_0181,TEND_0123,BIDDED_FOR
COMP_0409,TEND_0123,BIDDED_FOR
COMP_0454,TEND_0123,BIDDED_FOR
COMP_0033,TEND_0123,WON
COMP_0015,TEND_0124,BIDDED_FOR
COMP_0173,TEND_0124,BIDDED_FOR
COMP_0143,TEND_0124,BIDDED_FOR
COMP_0430,TEND_0124,BIDDED_FOR
COMP_0192,TEND_0124,WON
COMP_0292,TEND_0125,BIDDED_FOR
COMP_0084,TEND_0125,BIDDED_FOR
COMP_0304,TEND_0125,BIDDED_FOR
COMP_0310,TEND_0125,BIDDED_FOR
COMP_0095,TEND_0125,BIDDED_FOR
COMP_0431,TEND_0125,BIDDED_FOR
COMP_0199,TEND_0125,BIDDED_FOR
COMP_0059,TEND_0125,WON
COMP_0363,TEND_0126,BIDDED_FOR
COMP_0161,TEND_0126,BIDDED_FOR
COMP_0361,TEND_0126,BIDDED_FOR
COMP_0439,TEND_0126,BIDDED_FOR
COMP_0016,TEND_0126,BIDDED_FOR
COMP_0139,TEND_0126,WON
COMP_0190,TEND_0127,BIDDED_FOR
COMP_0449,TEND_0127,BIDDED_FOR
COMP_0231,TEND_0127,BIDDED_FOR
COMP_0121,TEND_0127,BIDDED_FOR
COMP_0044,TEND_0127,BIDDED_FOR
COMP_0254,TEND_0127,BIDDED_FOR
COMP_0424,TEND_0127,WON
COMP_0110,TEND_0128,BIDDED_FOR
COMP_0089,TEND_0128,BIDDED_FOR
COMP_0154,TEND_0128,BIDDED_FOR
COMP_0057,TEND_0128,BIDDED_FOR
COMP_0268,TEND_0128,BIDDED_FOR
COMP_0191,TEND_0128,WON
COMP_0467,TEND_0129,BIDDED_FOR
COMP_0103,TEND_0129,BIDDED_FOR
COMP_0398,TEND_0129,BIDDED_FOR
COMP_0047,TEND_0129,WON
COMP_0012,TEND_0130,BIDDED_FOR
COMP_0247,TEND_0130,BIDDED_FOR
COMP_0409,TEND_0130,BIDDED_FOR
COMP_0463,TEND_0130,BIDDED_FOR
COMP_0259,TEND_0130,BIDDED_FOR
COMP_0256,TEND_0130,BIDDED_FOR
COMP_0078,TEND_0130,WON
COMP_0472,TEND_0131,BIDDED_FOR
COMP_0174,TEND_0131,BIDDED_FOR
COMP_0375,TEND_0131,BIDDED_FOR
COMP_0247,TEND_0131,BIDDED_FOR
COMP_0447,TEND_0131,WON
COMP_0397,TEND_0132,BIDDED_FOR
COMP_0158,TEND_0132,BIDDED_FOR
COMP_0073,TEND_0132,BIDDED_FOR
COMP_0050,TEND_0132,BIDDED_FOR
COMP_0393,TEND_0132,BIDDED_FOR
COMP_0167,TEND_0132,BIDDED_FOR
COMP_0446,TEND_0132,BIDDED_FOR
COMP_0420,TEND_0132,WON
COMP_0018,TEND_0133,BIDDED_FOR
COMP_0346,TEND_0133,BIDDED_FOR
COMP_0235,TEND_0133,BIDDED_FOR
COMP_0105,TEND_0133,BIDDED_FOR
COMP_0198,TEND_0133,BIDDED_FOR
COMP_0370,TEND_0133,BIDDED_FOR
COMP_0067,TEND_0133,BIDDED_FOR
COMP_0365,TEND_0133,WON
COMP_0434,TEND_0134,BIDDED_FOR
COMP_0351,TEND_0134,BIDDED_FOR
COMP_0022,TEND_0134,BIDDED_FOR
COMP_0477,TEND_0134,BIDDED_FOR
COMP_0159,TEND_0134,BIDDED_FOR
COMP_0002,TEND_0134,BIDDED_FOR
COMP_0059,TEND_0134,BIDDED_FOR
COMP_0304,TEND_0134,WON
COMP_0170,TEND_0135,BIDDED_FOR
COMP_0239,TEND_0135,BIDDED_FOR
COMP_0455,TEND_0135,BIDDED_FOR
COMP_0023,TEND_0135,WON
COMP_0337,TEND_0136,BIDDED_FOR
COMP_0392,TEND_0136,BIDDED_FOR
COMP_0266,TEND_0136,BIDDED_FOR
COMP_0381,TEND_0136,WON
COMP_0388,TEND_0137,BIDDED_FOR
COMP_0295,TEND_0137,BIDDED_FOR
COMP_0159,TEND_0137,BIDDED_FOR
COMP_0011,TEND_0137,BIDDED_FOR
COMP_0327,TEND_0137,BIDDED_FOR
COMP_0456,TEND_0137,WON
COMP_0146,TEND_0138,BIDDED_FOR
COMP_0098,TEND_0138,BIDDED_FOR
COMP_0164,TEND_0138,BIDDED_FOR
COMP_0102,TEND_0138,BIDDED_FOR
COMP_0141,TEND_0138,WON
COMP_0060,TEND_0139,BIDDED_FOR
COMP_0395,TEND_0139,BIDDED_FOR
COMP_0076,TEND_0139,BIDDED_FOR
COMP_0225,TEND_0139,BIDDED_FOR
COMP_0343,TEND_0139,BIDDED_FOR
COMP_0139,TEND_0139,BIDDED_FOR
COMP_0163,TEND_0139,BIDDED_FOR
COMP_0080,TEND_0139,WON
COMP_0286,TEND_0140,BIDDED_FOR
COMP_0007,TEND_0140,BIDDED_FOR
COMP_0058,TEND_0140,BIDDED_FOR
COMP_0318,TEND_0140,BIDDED_FOR
COMP_0490,TEND_0140,BIDDED_FOR
COMP_0263,TEND_0140,WON
COMP_0179,TEND_0141,BIDDED_FOR
COMP_0105,TEND_0141,BIDDED_FOR
COMP_0277,TEND_0141,BIDDED_FOR
COMP_0281,TEND_0141,WON
COMP_0072,TEND_0142,BIDDED_FOR
COMP_0482,TEND_0142,BIDDED_FOR
COMP_0138,TEND_0142,BIDDED_FOR
COMP_0411,TEND_0142,BIDDED_FOR
COMP_0360,TEND_0142,BIDDED_FOR
COMP_0145,TEND_0142,WON
COMP_0456,TEND_0143,BIDDED_FOR
COMP_0087,TEND_0143,BIDDED_FOR
COMP_0313,TEND_0143,BIDDED_FOR
COMP_0159,TEND_0143,BIDDED_FOR
COMP_0036,TEND_0143,BIDDED_FOR
COMP_0125,TEND_0143,BIDDED_FOR
COMP_0173,TEND_0143,BIDDED_FOR
COMP_0276,TEND_0143,WON
COMP_0345,TEND_0144,BIDDED_FOR
COMP_0241,TEND_0144,BIDDED_FOR
COMP_0025,TEND_0144,BIDDED_FOR
COMP_0014,TEND_0144,BIDDED_FOR
COMP_0462,TEND_0144,BIDDED_FOR
COMP_0066,TEND_0144,BIDDED_FOR
COMP_0025,TEND_0144,WON
COMP_0044,TEND_0145,BIDDED_FOR
COMP_0196,TEND_0145,BIDDED_FOR
COMP_0027,TEND_0145,BIDDED_FOR
COMP_0218,TEND_0145,WON
COMP_0091,TEND_0146,BIDDED_FOR
COMP_0456,TEND_0146,BIDDED_FOR
COMP_0305,TEND_0146,BIDDED_FOR
COMP_0303,TEND_0146,BIDDED_FOR
COMP_0322,TEND_0146,BIDDED_FOR
COMP_0360,TEND_0146,BIDDED_FOR
COMP_0428,TEND_0146,WON
COMP_0315,TEND_0147,BIDDED_FOR
COMP_0170,TEND_0147,BIDDED_FOR
COMP_0418,TEND_0147,BIDDED_FOR
COMP_0159,TEND_0147,BIDDED_FOR
COMP_0182,TEND_0147,BIDDED_FOR
COMP_0101,TEND_0147,BIDDED_FOR
COMP_0365,TEND_0147,WON
COMP_0472,TEND_0148,BIDDED_FOR
COMP_0391,TEND_0148,BIDDED_FOR
COMP_0238,TEND_0148,BIDDED_FOR
COMP_0386,TEND_0148,BIDDED_FOR
COMP_0290,TEND_0148,BIDDED_FOR
COMP_0498,TEND_0148,BIDDED_FOR
COMP_0040,TEND_0148,BIDDED_FOR
COMP_0067,TEND_0148,WON
COMP_0410,TEND_0149,BIDDED_FOR
COMP_0416,TEND_0149,BIDDED_FOR
COMP_0470,TEND_0149,BIDDED_FOR
COMP_0357,TEND_0149,WON
TEND_0000,DEPT_17,ISSUED_BY
TEND_0001,DEPT_07,ISSUED_BY
TEND_0002,DEPT_10,ISSUED_BY
TEND_0003,DEPT_19,ISSUED_BY
TEND_0004,DEPT_00,ISSUED_BY
TEND_0005,DEPT_14,ISSUED_BY
TEND_0006,DEPT_19,ISSUED_BY
TEND_0007,DEPT_10,ISSUED_BY
TEND_0008,DEPT_08,ISSUED_BY
TEND_0009,DEPT_00,ISSUED_BY
TEND_0010,DEPT_16,ISSUED_BY
TEND_0011,DEPT_09,ISSUED_BY
TEND_0012,DEPT_02,ISSUED_BY
TEND_0013,DEPT_17,ISSUED_BY
TEND_0014,DEPT_02,ISSUED_BY
TEND_0015,DEPT_06,ISSUED_BY
TEND_0016,DEPT_17,ISSUED_BY
TEND_0017,DEPT_02,ISSUED_BY
TEND_0018,DEPT_10,ISSUED_BY
TEND_0019,DEPT_01,ISSUED_BY
TEND_0020,DEPT_02,ISSUED_BY
TEND_0021,DEPT_08,ISSUED_BY
TEND_0022,DEPT_12,ISSUED_BY
TEND_0023,DEPT_12,ISSUED_BY
TEND_0024,DEPT_19,ISSUED_BY
TEND_0025,DEPT_01,ISSUED_BY
TEND_0026,DEPT_16,ISSUED_BY
TEND_0027,DEPT_09,ISSUED_BY
TEND_0028,DEPT_14,ISSUED_BY
TEND_0029,DEPT_00,ISSUED_BY
TEND_0030,DEPT_07,ISSUED_BY
TEND_0031,DEPT_17,ISSUED_BY
TEND_0032,DEPT_09,ISSUED_BY
TEND_0033,DEPT_17,ISSUED_BY
TEND_0034,DEPT_00,ISSUED_BY
TEND_0035,DEPT_17,ISSUED_BY
TEND_0036,DEPT_06,ISSUED_BY
TEND_0037,DEPT_16,ISSUED_BY
TEND_0038,DEPT_07,ISSUED_BY
TEND_0039,DEPT_05,ISSUED_BY
TEND_0040,DEPT_17,ISSUED_BY
TEND_0041,DEPT_02,ISSUED_BY
TEND_0042,DEPT_08,ISSUED_BY
TEND_0043,DEPT_18,ISSUED_BY
TEND_0044,DEPT_04,ISSUED_BY
TEND_0045,DEPT_19,ISSUED_BY
TEND_0046,DEPT_15,ISSUED_BY
TEND_0047,DEPT_09,ISSUED_BY
TEND_0048,DEPT_18,ISSUED_BY
TEND_0049,DEPT_13,ISSUED_BY
TEND_0050,DEPT_07,ISSUED_BY
TEND_0051,DEPT_13,ISSUED_BY
TEND_0052,DEPT_10,ISSUED_BY
TEND_0053,DEPT_11,ISSUED_BY
TEND_0054,DEPT_03,ISSUED_BY
TEND_0055,DEPT_02,ISSUED_BY
TEND_0056,DEPT_17,ISSUED_BY
TEND_0057,DEPT_02,ISSUED_BY
TEND_0058,DEPT_16,ISSUED_BY
TEND_0059,DEPT_12,ISSUED_BY
TEND_0060,DEPT_01,ISSUED_BY
TEND_0061,DEPT_17,ISSUED_BY
TEND_0062,DEPT_04,ISSUED_BY
TEND_0063,DEPT_18,ISSUED_BY
TEND_0064,DEPT_16,ISSUED_BY
TEND_0065,DEPT_11,ISSUED_BY
TEND_0066,DEPT_07,ISSUED_BY
TEND_0067,DEPT_14,ISSUED_BY
TEND_0068,DEPT_18,ISSUED_BY
TEND_0069,DEPT_15,ISSUED_BY
TEND_0070,DEPT_15,ISSUED_BY
TEND_0071,DEPT_11,ISSUED_BY
TEND_0072,DEPT_06,ISSUED_BY
TEND_0073,DEPT_15,ISSUED_BY
TEND_0074,DEPT_10,ISSUED_BY
TEND_0075,DEPT_16,ISSUED_BY
TEND_0076,DEPT_18,ISSUED_BY
TEND_0077,DEPT_12,ISSUED_BY
TEND_0078,DEPT_02,ISSUED_BY
TEND_0079,DEPT_07,ISSUED_BY
TEND_0080,DEPT_11,ISSUED_BY
TEND_0081,DEPT_19,ISSUED_BY
TEND_0082,DEPT_04,ISSUED_BY
TEND_0083,DEPT_02,ISSUED_BY
TEND_0084,DEPT_06,ISSUED_BY
TEND_0085,DEPT_11,ISSUED_BY
TEND_0086,DEPT_13,ISSUED_BY
TEND_0087,DEPT_15,ISSUED_BY
TEND_0088,DEPT_18,ISSUED_BY
TEND_0089,DEPT_13,ISSUED_BY
TEND_0090,DEPT_04,ISSUED_BY
TEND_0091,DEPT_04,ISSUED_BY
TEND_0092,DEPT_18,ISSUED_BY
TEND_0093,DEPT_08,ISSUED_BY
TEND_0094,DEPT_12,ISSUED_BY
TEND_0095,DEPT_09,ISSUED_BY
TEND_0096,DEPT_19,ISSUED_BY
TEND_0097,DEPT_07,ISSUED_BY
TEND_0098,DEPT_18,ISSUED_BY
TEND_0099,DEPT_16,ISSUED_BY
TEND_0100,DEPT_10,ISSUED_BY
TEND_0101,DEPT_02,ISSUED_BY
TEND_0102,DEPT_04,ISSUED_BY
TEND_0103,DEPT_16,ISSUED_BY
TEND_0104,DEPT_04,ISSUED_BY
TEND_0105,DEPT_19,ISSUED_BY
TEND_0106,DEPT_03,ISSUED_BY
TEND_0107,DEPT_04,ISSUED_BY
TEND_0108,DEPT_13,ISSUED_BY
TEND_0109,DEPT_01,ISSUED_BY
TEND_0110,DEPT_15,ISSUED_BY
TEND_0111,DEPT_18,ISSUED_BY
TEND_0112,DEPT_08,ISSUED_BY
TEND_0113,DEPT_02,ISSUED_BY
TEND_0114,DEPT_17,ISSUED_BY
TEND_0115,DEPT_00,ISSUED_BY
TEND_0116,DEPT_03,ISSUED_BY
TEND_0117,DEPT_06,ISSUED_BY
TEND_0118,DEPT_03,ISSUED_BY
TEND_0119,DEPT_18,ISSUED_BY
TEND_0120,DEPT_17,ISSUED_BY
TEND_0121,DEPT_19,ISSUED_BY
TEND_0122,DEPT_06,ISSUED_BY
TEND_0123,DEPT_17,ISSUED_BY
TEND_0124,DEPT_17,ISSUED_BY
TEND_0125,DEPT_09,ISSUED_BY
TEND_0126,DEPT_12,ISSUED_BY
TEND_0127,DEPT_07,ISSUED_BY
TEND_0128,DEPT_05,ISSUED_BY
TEND_0129,DEPT_12,ISSUED_BY
TEND_0130,DEPT_01,ISSUED_BY
TEND_0131,DEPT_00,ISSUED_BY
TEND_0132,DEPT_19,ISSUED_BY
TEND_0133,DEPT_08,ISSUED_BY
TEND_0134,DEPT_19,ISSUED_BY
TEND_0135,DEPT_12,ISSUED_BY
TEND_0136,DEPT_19,ISSUED_BY
TEND_0137,DEPT_15,ISSUED_BY
TEND_0138,DEPT_16,ISSUED_BY
TEND_0139,DEPT_19,ISSUED_BY
TEND_0140,DEPT_07,ISSUED_BY
TEND_0141,DEPT_11,ISSUED_BY
TEND_0142,DEPT_05,ISSUED_BY
TEND_0143,DEPT_12,ISSUED_BY
TEND_0144,DEPT_12,ISSUED_BY
TEND_0145,DEPT_00,ISSUED_BY
TEND_0146,DEPT_09,ISSUED_BY
TEND_0147,DEPT_11,ISSUED_BY
TEND_0148,DEPT_06,ISSUED_BY
TEND_0149,DEPT_00,ISSUED_BY
DIR_0119,COMP_0233,DIRECTOR_OF
DIR_0119,COMP_0158,DIRECTOR_OF
DIR_0119,COMP_0350,DIRECTOR_OF
DIR_0164,COMP_0240,DIRECTOR_OF
DIR_0164,COMP_0118,DIRECTOR_OF
DIR_0164,COMP_0485,DIRECTOR_OF
DIR_0164,COMP_0114,DIRECTOR_OF
DIR_0036,COMP_0467,DIRECTOR_OF
DIR_0036,COMP_0186,DIRECTOR_OF
DIR_0036,COMP_0200,DIRECTOR_OF
DIR_0036,COMP_0093,DIRECTOR_OF
DIR_0179,COMP_0403,DIRECTOR_OF
DIR_0179,COMP_0440,DIRECTOR_OF
DIR_0179,COMP_0451,DIRECTOR_OF
DIR_0179,COMP_0166,DIRECTOR_OF
DIR_0116,COMP_0015,DIRECTOR_OF
DIR_0116,COMP_0033,DIRECTOR_OF
DIR_0116,COMP_0243,DIRECTOR_OF
DIR_0116,COMP_0057,DIRECTOR_OF
COMP_0245,TEND_0059,BIDDED_FOR
COMP_0236,TEND_0059,BIDDED_FOR
COMP_0433,TEND_0059,BIDDED_FOR
COMP_0087,TEND_0059,BIDDED_FOR
COMP_0144,TEND_0059,BIDDED_FOR
COMP_0393,TEND_0059,BIDDED_FOR
COMP_0178,TEND_0059,BIDDED_FOR
COMP_0144,TEND_0059,WON
COMP_0245,TEND_0144,BIDDED_FOR
COMP_0236,TEND_0144,BIDDED_FOR
COMP_0433,TEND_0144,BIDDED_FOR
COMP_0087,TEND_0144,BIDDED_FOR
COMP_0144,TEND_0144,BIDDED_FOR
COMP_0393,TEND_0144,BIDDED_FOR
COMP_0178,TEND_0144,BIDDED_FOR
COMP_0144,TEND_0144,WON
COMP_0245,TEND_0047,BIDDED_FOR
COMP_0236,TEND_0047,BIDDED_FOR
COMP_0433,TEND_0047,BIDDED_FOR
COMP_0087,TEND_0047,BIDDED_FOR
COMP_0144,TEND_0047,BIDDED_FOR
COMP_0393,TEND_0047,BIDDED_FOR
COMP_0178,TEND_0047,BIDDED_FOR
COMP_0236,TEND_0047,WON
COMP_0245,TEND_0125,BIDDED_FOR
COMP_0236,TEND_0125,BIDDED_FOR
COMP_0433,TEND_0125,BIDDED_FOR
COMP_0087,TEND_0125,BIDDED_FOR
COMP_0144,TEND_0125,BIDDED_FOR
COMP_0393,TEND_0125,BIDDED_FOR
COMP_0178,TEND_0125,BIDDED_FOR
COMP_0144,TEND_0125,WON
COMP_0245,TEND_0020,BIDDED_FOR
COMP_0236,TEND_0020,BIDDED_FOR
COMP_0433,TEND_0020,BIDDED_FOR
COMP_0087,TEND_0020,BIDDED_FOR
COMP_0144,TEND_0020,BIDDED_FOR
COMP_0393,TEND_0020,BIDDED_FOR
COMP_0178,TEND_0020,BIDDED_FOR
COMP_0245,TEND_0020,WON
COMP_0245,TEND_0090,BIDDED_FOR
COMP_0236,TEND_0090,BIDDED_FOR
COMP_0433,TEND_0090,BIDDED_FOR
COMP_0087,TEND_0090,BIDDED_FOR
COMP_0144,TEND_0090,BIDDED_FOR
COMP_0393,TEND_0090,BIDDED_FOR
COMP_0178,TEND_0090,BIDDED_FOR
COMP_0087,TEND_0090,WON
COMP_0245,TEND_0034,BIDDED_FOR
COMP_0236,TEND_0034,BIDDED_FOR
COMP_0433,TEND_0034,BIDDED_FOR
COMP_0087,TEND_0034,BIDDED_FOR
COMP_0144,TEND_0034,BIDDED_FOR
COMP_0393,TEND_0034,BIDDED_FOR
COMP_0178,TEND_0034,BIDDED_FOR
COMP_0178,TEND_0034,WON
COMP_0245,TEND_0039,BIDDED_FOR
COMP_0236,TEND_0039,BIDDED_FOR
COMP_0433,TEND_0039,BIDDED_FOR
COMP_0087,TEND_0039,BIDDED_FOR
COMP_0144,TEND_0039,BIDDED_FOR
COMP_0393,TEND_0039,BIDDED_FOR
COMP_0178,TEND_0039,BIDDED_FOR
COMP_0393,TEND_0039,WON
COMP_0245,TEND_0094,BIDDED_FOR
COMP_0236,TEND_0094,BIDDED_FOR
COMP_0433,TEND_0094,BIDDED_FOR
COMP_0087,TEND_0094,BIDDED_FOR
COMP_0144,TEND_0094,BIDDED_FOR
COMP_0393,TEND_0094,BIDDED_FOR
COMP_0178,TEND_0094,BIDDED_FOR
COMP_0178,TEND_0094,WON
COMP_0245,TEND_0146,BIDDED_FOR
COMP_0236,TEND_0146,BIDDED_FOR
COMP_0433,TEND_0146,BIDDED_FOR
COMP_0087,TEND_0146,BIDDED_FOR
COMP_0144,TEND_0146,BIDDED_FOR
COMP_0393,TEND_0146,BIDDED_FOR
COMP_0178,TEND_0146,BIDDED_FOR
COMP_0245,TEND_0146,WON
COMP_0245,TEND_0124,BIDDED_FOR
COMP_0236,TEND_0124,BIDDED_FOR
COMP_0433,TEND_0124,BIDDED_FOR
COMP_0087,TEND_0124,BIDDED_FOR
COMP_0144,TEND_0124,BIDDED_FOR
COMP_0393,TEND_0124,BIDDED_FOR
COMP_0178,TEND_0124,BIDDED_FOR
COMP_0433,TEND_0124,WON
COMP_0245,TEND_0060,BIDDED_FOR
COMP_0236,TEND_0060,BIDDED_FOR
COMP_0433,TEND_0060,BIDDED_FOR
COMP_0087,TEND_0060,BIDDED_FOR
COMP_0144,TEND_0060,BIDDED_FOR
COMP_0393,TEND_0060,BIDDED_FOR
COMP_0178,TEND_0060,BIDDED_FOR
COMP_0144,TEND_0060,WON
COMP_0245,TEND_0035,BIDDED_FOR
COMP_0236,TEND_0035,BIDDED_FOR
COMP_0433,TEND_0035,BIDDED_FOR
COMP_0087,TEND_0035,BIDDED_FOR
COMP_0144,TEND_0035,BIDDED_FOR
COMP_0393,TEND_0035,BIDDED_FOR
COMP_0178,TEND_0035,BIDDED_FOR
COMP_0393,TEND_0035,WON
COMP_0245,TEND_0076,BIDDED_FOR
COMP_0236,TEND_0076,BIDDED_FOR
COMP_0433,TEND_0076,BIDDED_FOR
COMP_0087,TEND_0076,BIDDED_FOR
COMP_0144,TEND_0076,BIDDED_FOR
COMP_0393,TEND_0076,BIDDED_FOR
COMP_0178,TEND_0076,BIDDED_FOR
COMP_0245,TEND_0076,WON
COMP_0245,TEND_0008,BIDDED_FOR
COMP_0236,TEND_0008,BIDDED_FOR
COMP_0433,TEND_0008,BIDDED_FOR
COMP_0087,TEND_0008,BIDDED_FOR
COMP_0144,TEND_0008,BIDDED_FOR
COMP_0393,TEND_0008,BIDDED_FOR
COMP_0178,TEND_0008,BIDDED_FOR
COMP_0178,TEND_0008,WON
COMP_0245,TEND_0107,BIDDED_FOR
COMP_0236,TEND_0107,BIDDED_FOR
COMP_0433,TEND_0107,BIDDED_FOR
COMP_0087,TEND_0107,BIDDED_FOR
COMP_0144,TEND_0107,BIDDED_FOR
COMP_0393,TEND_0107,BIDDED_FOR
COMP_0178,TEND_0107,BIDDED_FOR
COMP_0433,TEND_0107,WON
COMP_0245,TEND_0013,BIDDED_FOR
COMP_0236,TEND_0013,BIDDED_FOR
COMP_0433,TEND_0013,BIDDED_FOR
COMP_0087,TEND_0013,BIDDED_FOR
COMP_0144,TEND_0013,BIDDED_FOR
COMP_0393,TEND_0013,BIDDED_FOR
COMP_0178,TEND_0013,BIDDED_FOR
COMP_0144,TEND_0013,WON
COMP_0245,TEND_0003,BIDDED_FOR
COMP_0236,TEND_0003,BIDDED_FOR
COMP_0433,TEND_0003,BIDDED_FOR
COMP_0087,TEND_0003,BIDDED_FOR
COMP_0144,TEND_0003,BIDDED_FOR
COMP_0393,TEND_0003,BIDDED_FOR
COMP_0178,TEND_0003,BIDDED_FOR
COMP_0087,TEND_0003,WON
COMP_0245,TEND_0109,BIDDED_FOR
COMP_0236,TEND_0109,BIDDED_FOR
COMP_0433,TEND_0109,BIDDED_FOR
COMP_0087,TEND_0109,BIDDED_FOR
COMP_0144,TEND_0109,BIDDED_FOR
COMP_0393,TEND_0109,BIDDED_FOR
COMP_0178,TEND_0109,BIDDED_FOR
COMP_0087,TEND_0109,WON
COMP_0245,TEND_0108,BIDDED_FOR
COMP_0236,TEND_0108,BIDDED_FOR
COMP_0433,TEND_0108,BIDDED_FOR
COMP_0087,TEND_0108,BIDDED_FOR
COMP_0144,TEND_0108,BIDDED_FOR
COMP_0393,TEND_0108,BIDDED_FOR
COMP_0178,TEND_0108,BIDDED_FOR
COMP_0144,TEND_0108,WON
COMP_0245,TEND_0135,BIDDED_FOR
COMP_0236,TEND_0135,BIDDED_FOR
COMP_0433,TEND_0135,BIDDED_FOR
COMP_0087,TEND_0135,BIDDED_FOR
COMP_0144,TEND_0135,BIDDED_FOR
COMP_0393,TEND_0135,BIDDED_FOR
COMP_0178,TEND_0135,BIDDED_FOR
COMP_0087,TEND_0135,WON
COMP_0245,TEND_0116,BIDDED_FOR
COMP_0236,TEND_0116,BIDDED_FOR
COMP_0433,TEND_0116,BIDDED_FOR
COMP_0087,TEND_0116,BIDDED_FOR
COMP_0144,TEND_0116,BIDDED_FOR
COMP_0393,TEND_0116,BIDDED_FOR
COMP_0178,TEND_0116,BIDDED_FOR
COMP_0236,TEND_0116,WON
COMP_0317,TEND_0059,BIDDED_FOR
COMP_0124,TEND_0059,BIDDED_FOR
COMP_0280,TEND_0059,BIDDED_FOR
COMP_0081,TEND_0059,BIDDED_FOR
COMP_0498,TEND_0059,BIDDED_FOR
COMP_0246,TEND_0059,BIDDED_FOR
COMP_0196,TEND_0059,BIDDED_FOR
COMP_0317,TEND_0059,WON
COMP_0317,TEND_0144,BIDDED_FOR
COMP_0124,TEND_0144,BIDDED_FOR
COMP_0280,TEND_0144,BIDDED_FOR
COMP_0081,TEND_0144,BIDDED_FOR
COMP_0498,TEND_0144,BIDDED_FOR
COMP_0246,TEND_0144,BIDDED_FOR
COMP_0196,TEND_0144,BIDDED_FOR
COMP_0280,TEND_0144,WON
COMP_0317,TEND_0047,BIDDED_FOR
COMP_0124,TEND_0047,BIDDED_FOR
COMP_0280,TEND_0047,BIDDED_FOR
COMP_0081,TEND_0047,BIDDED_FOR
COMP_0498,TEND_0047,BIDDED_FOR
COMP_0246,TEND_0047,BIDDED_FOR
COMP_0196,TEND_0047,BIDDED_FOR
COMP_0124,TEND_0047,WON
COMP_0317,TEND_0125,BIDDED_FOR
COMP_0124,TEND_0125,BIDDED_FOR
COMP_0280,TEND_0125,BIDDED_FOR
COMP_0081,TEND_0125,BIDDED_FOR
COMP_0498,TEND_0125,BIDDED_FOR
COMP_0246,TEND_0125,BIDDED_FOR
COMP_0196,TEND_0125,BIDDED_FOR
COMP_0196,TEND_0125,WON
COMP_0317,TEND_0020,BIDDED_FOR
COMP_0124,TEND_0020,BIDDED_FOR
COMP_0280,TEND_0020,BIDDED_FOR
COMP_0081,TEND_0020,BIDDED_FOR
COMP_0498,TEND_0020,BIDDED_FOR
COMP_0246,TEND_0020,BIDDED_FOR
COMP_0196,TEND_0020,BIDDED_FOR
COMP_0246,TEND_0020,WON
COMP_0317,TEND_0090,BIDDED_FOR
COMP_0124,TEND_0090,BIDDED_FOR
COMP_0280,TEND_0090,BIDDED_FOR
COMP_0081,TEND_0090,BIDDED_FOR
COMP_0498,TEND_0090,BIDDED_FOR
COMP_0246,TEND_0090,BIDDED_FOR
COMP_0196,TEND_0090,BIDDED_FOR
COMP_0498,TEND_0090,WON
COMP_0317,TEND_0034,BIDDED_FOR
COMP_0124,TEND_0034,BIDDED_FOR
COMP_0280,TEND_0034,BIDDED_FOR
COMP_0081,TEND_0034,BIDDED_FOR
COMP_0498,TEND_0034,BIDDED_FOR
COMP_0246,TEND_0034,BIDDED_FOR
COMP_0196,TEND_0034,BIDDED_FOR
COMP_0081,TEND_0034,WON
COMP_0317,TEND_0039,BIDDED_FOR
COMP_0124,TEND_0039,BIDDED_FOR
COMP_0280,TEND_0039,BIDDED_FOR
COMP_0081,TEND_0039,BIDDED_FOR
COMP_0498,TEND_0039,BIDDED_FOR
COMP_0246,TEND_0039,BIDDED_FOR
COMP_0196,TEND_0039,BIDDED_FOR
COMP_0196,TEND_0039,WON
COMP_0317,TEND_0094,BIDDED_FOR
COMP_0124,TEND_0094,BIDDED_FOR
COMP_0280,TEND_0094,BIDDED_FOR
COMP_0081,TEND_0094,BIDDED_FOR
COMP_0498,TEND_0094,BIDDED_FOR
COMP_0246,TEND_0094,BIDDED_FOR
COMP_0196,TEND_0094,BIDDED_FOR
COMP_0081,TEND_0094,WON
COMP_0317,TEND_0146,BIDDED_FOR
COMP_0124,TEND_0146,BIDDED_FOR
COMP_0280,TEND_0146,BIDDED_FOR
COMP_0081,TEND_0146,BIDDED_FOR
COMP_0498,TEND_0146,BIDDED_FOR
COMP_0246,TEND_0146,BIDDED_FOR
COMP_0196,TEND_0146,BIDDED_FOR
COMP_0498,TEND_0146,WON
COMP_0317,TEND_0124,BIDDED_FOR
COMP_0124,TEND_0124,BIDDED_FOR
COMP_0280,TEND_0124,BIDDED_FOR
COMP_0081,TEND_0124,BIDDED_FOR
COMP_0498,TEND_0124,BIDDED_FOR
COMP_0246,TEND_0124,BIDDED_FOR
COMP_0196,TEND_0124,BIDDED_FOR
COMP_0196,TEND_0124,WON
COMP_0317,TEND_0060,BIDDED_FOR
COMP_0124,TEND_0060,BIDDED_FOR
COMP_0280,TEND_0060,BIDDED_FOR
COMP_0081,TEND_0060,BIDDED_FOR
COMP_0498,TEND_0060,BIDDED_FOR
COMP_0246,TEND_0060,BIDDED_FOR
COMP_0196,TEND_0060,BIDDED_FOR
COMP_0280,TEND_0060,WON
COMP_0317,TEND_0035,BIDDED_FOR
COMP_0124,TEND_0035,BIDDED_FOR
COMP_0280,TEND_0035,BIDDED_FOR
COMP_0081,TEND_0035,BIDDED_FOR
COMP_0498,TEND_0035,BIDDED_FOR
COMP_0246,TEND_0035,BIDDED_FOR
COMP_0196,TEND_0035,BIDDED_FOR
COMP_0498,TEND_0035,WON
COMP_0317,TEND_0076,BIDDED_FOR
COMP_0124,TEND_0076,BIDDED_FOR
COMP_0280,TEND_0076,BIDDED_FOR
COMP_0081,TEND_0076,BIDDED_FOR
COMP_0498,TEND_0076,BIDDED_FOR
COMP_0246,TEND_0076,BIDDED_FOR
COMP_0196,TEND_0076,BIDDED_FOR
COMP_0246,TEND_0076,WON
COMP_0317,TEND_0008,BIDDED_FOR
COMP_0124,TEND_0008,BIDDED_FOR
COMP_0280,TEND_0008,BIDDED_FOR
COMP_0081,TEND_0008,BIDDED_FOR
COMP_0498,TEND_0008,BIDDED_FOR
COMP_0246,TEND_0008,BIDDED_FOR
COMP_0196,TEND_0008,BIDDED_FOR
COMP_0124,TEND_0008,WON
COMP_0317,TEND_0107,BIDDED_FOR
COMP_0124,TEND_0107,BIDDED_FOR
COMP_0280,TEND_0107,BIDDED_FOR
COMP_0081,TEND_0107,BIDDED_FOR
COMP_0498,TEND_0107,BIDDED_FOR
COMP_0246,TEND_0107,BIDDED_FOR
COMP_0196,TEND_0107,BIDDED_FOR
COMP_0124,TEND_0107,WON
COMP_0317,TEND_0013,BIDDED_FOR
COMP_0124,TEND_0013,BIDDED_FOR
COMP_0280,TEND_0013,BIDDED_FOR
COMP_0081,TEND_0013,BIDDED_FOR
COMP_0498,TEND_0013,BIDDED_FOR
COMP_0246,TEND_0013,BIDDED_FOR
COMP_0196,TEND_0013,BIDDED_FOR
COMP_0246,TEND_0013,WON
COMP_0317,TEND_0003,BIDDED_FOR
COMP_0124,TEND_0003,BIDDED_FOR
COMP_0280,TEND_0003,BIDDED_FOR
COMP_0081,TEND_0003,BIDDED_FOR
COMP_0498,TEND_0003,BIDDED_FOR
COMP_0246,TEND_0003,BIDDED_FOR
COMP_0196,TEND_0003,BIDDED_FOR
COMP_0246,TEND_0003,WON
COMP_0317,TEND_0109,BIDDED_FOR
COMP_0124,TEND_0109,BIDDED_FOR
COMP_0280,TEND_0109,BIDDED_FOR
COMP_0081,TEND_0109,BIDDED_FOR
COMP_0498,TEND_0109,BIDDED_FOR
COMP_0246,TEND_0109,BIDDED_FOR
COMP_0196,TEND_0109,BIDDED_FOR
COMP_0317,TEND_0109,WON
COMP_0317,TEND_0108,BIDDED_FOR
COMP_0124,TEND_0108,BIDDED_FOR
COMP_0280,TEND_0108,BIDDED_FOR
COMP_0081,TEND_0108,BIDDED_FOR
COMP_0498,TEND_0108,BIDDED_FOR
COMP_0246,TEND_0108,BIDDED_FOR
COMP_0196,TEND_0108,BIDDED_FOR
COMP_0246,TEND_0108,WON
COMP_0317,TEND_0135,BIDDED_FOR
COMP_0124,TEND_0135,BIDDED_FOR
COMP_0280,TEND_0135,BIDDED_FOR
COMP_0081,TEND_0135,BIDDED_FOR
COMP_0498,TEND_0135,BIDDED_FOR
COMP_0246,TEND_0135,BIDDED_FOR
COMP_0196,TEND_0135,BIDDED_FOR
COMP_0246,TEND_0135,WON
COMP_0317,TEND_0116,BIDDED_FOR
COMP_0124,TEND_0116,BIDDED_FOR
COMP_0280,TEND_0116,BIDDED_FOR
COMP_0081,TEND_0116,BIDDED_FOR
COMP_0498,TEND_0116,BIDDED_FOR
COMP_0246,TEND_0116,BIDDED_FOR
COMP_0196,TEND_0116,BIDDED_FOR
COMP_0498,TEND_0116,WON
COMP_0428,TEND_0059,BIDDED_FOR
COMP_0249,TEND_0059,BIDDED_FOR
COMP_0058,TEND_0059,BIDDED_FOR
COMP_0303,TEND_0059,BIDDED_FOR
COMP_0305,TEND_0059,BIDDED_FOR
COMP_0237,TEND_0059,BIDDED_FOR
COMP_0166,TEND_0059,BIDDED_FOR
COMP_0305,TEND_0059,WON
COMP_0428,TEND_0144,BIDDED_FOR
COMP_0249,TEND_0144,BIDDED_FOR
COMP_0058,TEND_0144,BIDDED_FOR
COMP_0303,TEND_0144,BIDDED_FOR
COMP_0305,TEND_0144,BIDDED_FOR
COMP_0237,TEND_0144,BIDDED_FOR
COMP_0166,TEND_0144,BIDDED_FOR
COMP_0428,TEND_0144,WON
COMP_0428,TEND_0047,BIDDED_FOR
COMP_0249,TEND_0047,BIDDED_FOR
COMP_0058,TEND_0047,BIDDED_FOR
COMP_0303,TEND_0047,BIDDED_FOR
COMP_0305,TEND_0047,BIDDED_FOR
COMP_0237,TEND_0047,BIDDED_FOR
COMP_0166,TEND_0047,BIDDED_FOR
COMP_0166,TEND_0047,WON
COMP_0428,TEND_0125,BIDDED_FOR
COMP_0249,TEND_0125,BIDDED_FOR
COMP_0058,TEND_0125,BIDDED_FOR
COMP_0303,TEND_0125,BIDDED_FOR
COMP_0305,TEND_0125,BIDDED_FOR
COMP_0237,TEND_0125,BIDDED_FOR
COMP_0166,TEND_0125,BIDDED_FOR
COMP_0303,TEND_0125,WON
COMP_0428,TEND_0020,BIDDED_FOR
COMP_0249,TEND_0020,BIDDED_FOR
COMP_0058,TEND_0020,BIDDED_FOR
COMP_0303,TEND_0020,BIDDED_FOR
COMP_0305,TEND_0020,BIDDED_FOR
COMP_0237,TEND_0020,BIDDED_FOR
COMP_0166,TEND_0020,BIDDED_FOR
COMP_0249,TEND_0020,WON
COMP_0428,TEND_0090,BIDDED_FOR
COMP_0249,TEND_0090,BIDDED_FOR
COMP_0058,TEND_0090,BIDDED_FOR
COMP_0303,TEND_0090,BIDDED_FOR
COMP_0305,TEND_0090,BIDDED_FOR
COMP_0237,TEND_0090,BIDDED_FOR
COMP_0166,TEND_0090,BIDDED_FOR
COMP_0058,TEND_0090,WON
COMP_0428,TEND_0034,BIDDED_FOR
COMP_0249,TEND_0034,BIDDED_FOR
COMP_0058,TEND_0034,BIDDED_FOR
COMP_0303,TEND_0034,BIDDED_FOR
COMP_0305,TEND_0034,BIDDED_FOR
COMP_0237,TEND_0034,BIDDED_FOR
COMP_0166,TEND_0034,BIDDED_FOR
COMP_0303,TEND_0034,WON
COMP_0428,TEND_0039,BIDDED_FOR
COMP_0249,TEND_0039,BIDDED_FOR
COMP_0058,TEND_0039,BIDDED_FOR
COMP_0303,TEND_0039,BIDDED_FOR
COMP_0305,TEND_0039,BIDDED_FOR
COMP_0237,TEND_0039,BIDDED_FOR
COMP_0166,TEND_0039,BIDDED_FOR
COMP_0428,TEND_0039,WON
COMP_0428,TEND_0094,BIDDED_FOR
COMP_0249,TEND_0094,BIDDED_FOR
COMP_0058,TEND_0094,BIDDED_FOR
COMP_0303,TEND_0094,BIDDED_FOR
COMP_0305,TEND_0094,BIDDED_FOR
COMP_0237,TEND_0094,BIDDED_FOR
COMP_0166,TEND_0094,BIDDED_FOR
COMP_0305,TEND_0094,WON
COMP_0428,TEND_0146,BIDDED_FOR
COMP_0249,TEND_0146,BIDDED_FOR
COMP_0058,TEND_0146,BIDDED_FOR
COMP_0303,TEND_0146,BIDDED_FOR
COMP_0305,TEND_0146,BIDDED_FOR
COMP_0237,TEND_0146,BIDDED_FOR
COMP_0166,TEND_0146,BIDDED_FOR
COMP_0428,TEND_0146,WON
COMP_0428,TEND_0124,BIDDED_FOR
COMP_0249,TEND_0124,BIDDED_FOR
COMP_0058,TEND_0124,BIDDED_FOR
COMP_0303,TEND_0124,BIDDED_FOR
COMP_0305,TEND_0124,BIDDED_FOR
COMP_0237,TEND_0124,BIDDED_FOR
COMP_0166,TEND_0124,BIDDED_FOR
COMP_0237,TEND_0124,WON
COMP_0428,TEND_0060,BIDDED_FOR
COMP_0249,TEND_0060,BIDDED_FOR
COMP_0058,TEND_0060,BIDDED_FOR
COMP_0303,TEND_0060,BIDDED_FOR
COMP_0305,TEND_0060,BIDDED_FOR
COMP_0237,TEND_0060,BIDDED_FOR
COMP_0166,TEND_0060,BIDDED_FOR
COMP_0166,TEND_0060,WON
COMP_0428,TEND_0035,BIDDED_FOR
COMP_0249,TEND_0035,BIDDED_FOR
COMP_0058,TEND_0035,BIDDED_FOR
COMP_0303,TEND_0035,BIDDED_FOR
COMP_0305,TEND_0035,BIDDED_FOR
COMP_0237,TEND_0035,BIDDED_FOR
COMP_0166,TEND_0035,BIDDED_FOR
COMP_0305,TEND_0035,WON
COMP_0428,TEND_0076,BIDDED_FOR
COMP_0249,TEND_0076,BIDDED_FOR
COMP_0058,TEND_0076,BIDDED_FOR
COMP_0303,TEND_0076,BIDDED_FOR
COMP_0305,TEND_0076,BIDDED_FOR
COMP_0237,TEND_0076,BIDDED_FOR
COMP_0166,TEND_0076,BIDDED_FOR
COMP_0166,TEND_0076,WON
COMP_0428,TEND_0008,BIDDED_FOR
COMP_0249,TEND_0008,BIDDED_FOR
COMP_0058,TEND_0008,BIDDED_FOR
COMP_0303,TEND_0008,BIDDED_FOR
COMP_0305,TEND_0008,BIDDED_FOR
COMP_0237,TEND_0008,BIDDED_FOR
COMP_0166,TEND_0008,BIDDED_FOR
COMP_0166,TEND_0008,WON
COMP_0428,TEND_0107,BIDDED_FOR
COMP_0249,TEND_0107,BIDDED_FOR
COMP_0058,TEND_0107,BIDDED_FOR
COMP_0303,TEND_0107,BIDDED_FOR
COMP_0305,TEND_0107,BIDDED_FOR
COMP_0237,TEND_0107,BIDDED_FOR
COMP_0166,TEND_0107,BIDDED_FOR
COMP_0303,TEND_0107,WON
COMP_0428,TEND_0013,BIDDED_FOR
COMP_0249,TEND_0013,BIDDED_FOR
COMP_0058,TEND_0013,BIDDED_FOR
COMP_0303,TEND_0013,BIDDED_FOR
COMP_0305,TEND_0013,BIDDED_FOR
COMP_0237,TEND_0013,BIDDED_FOR
COMP_0166,TEND_0013,BIDDED_FOR
COMP_0058,TEND_0013,WON
COMP_0428,TEND_0003,BIDDED_FOR
COMP_0249,TEND_0003,BIDDED_FOR
COMP_0058,TEND_0003,BIDDED_FOR
COMP_0303,TEND_0003,BIDDED_FOR
COMP_0305,TEND_0003,BIDDED_FOR
COMP_0237,TEND_0003,BIDDED_FOR
COMP_0166,TEND_0003,BIDDED_FOR
COMP_0303,TEND_0003,WON
COMP_0428,TEND_0109,BIDDED_FOR
COMP_0249,TEND_0109,BIDDED_FOR
COMP_0058,TEND_0109,BIDDED_FOR
COMP_0303,TEND_0109,BIDDED_FOR
COMP_0305,TEND_0109,BIDDED_FOR
COMP_0237,TEND_0109,BIDDED_FOR
COMP_0166,TEND_0109,BIDDED_FOR
COMP_0237,TEND_0109,WON
COMP_0428,TEND_0108,BIDDED_FOR
COMP_0249,TEND_0108,BIDDED_FOR
COMP_0058,TEND_0108,BIDDED_FOR
COMP_0303,TEND_0108,BIDDED_FOR
COMP_0305,TEND_0108,BIDDED_FOR
COMP_0237,TEND_0108,BIDDED_FOR
COMP_0166,TEND_0108,BIDDED_FOR
COMP_0237,TEND_0108,WON
COMP_0428,TEND_0135,BIDDED_FOR
COMP_0249,TEND_0135,BIDDED_FOR
COMP_0058,TEND_0135,BIDDED_FOR
COMP_0303,TEND_0135,BIDDED_FOR
COMP_0305,TEND_0135,BIDDED_FOR
COMP_0237,TEND_0135,BIDDED_FOR
COMP_0166,TEND_0135,BIDDED_FOR
COMP_0428,TEND_0135,WON
COMP_0428,TEND_0116,BIDDED_FOR
COMP_0249,TEND_0116,BIDDED_FOR
COMP_0058,TEND_0116,BIDDED_FOR
COMP_0303,TEND_0116,BIDDED_FOR
COMP_0305,TEND_0116,BIDDED_FOR
COMP_0237,TEND_0116,BIDDED_FOR
COMP_0166,TEND_0116,BIDDED_FOR
COMP_0428,TEND_0116,WON
COMP_0111,TEND_0059,BIDDED_FOR
COMP_0418,TEND_0059,BIDDED_FOR
COMP_0071,TEND_0059,BIDDED_FOR
COMP_0454,TEND_0059,BIDDED_FOR
COMP_0297,TEND_0059,BIDDED_FOR
COMP_0462,TEND_0059,BIDDED_FOR
COMP_0386,TEND_0059,BIDDED_FOR
COMP_0462,TEND_0059,WON
COMP_0111,TEND_0144,BIDDED_FOR
COMP_0418,TEND_0144,BIDDED_FOR
COMP_0071,TEND_0144,BIDDED_FOR
COMP_0454,TEND_0144,BIDDED_FOR
COMP_0297,TEND_0144,BIDDED_FOR
COMP_0462,TEND_0144,BIDDED_FOR
COMP_0386,TEND_0144,BIDDED_FOR
COMP_0386,TEND_0144,WON
COMP_0111,TEND_0047,BIDDED_FOR
COMP_0418,TEND_0047,BIDDED_FOR
COMP_0071,TEND_0047,BIDDED_FOR
COMP_0454,TEND_0047,BIDDED_FOR
COMP_0297,TEND_0047,BIDDED_FOR
COMP_0462,TEND_0047,BIDDED_FOR
COMP_0386,TEND_0047,BIDDED_FOR
COMP_0111,TEND_0047,WON
COMP_0111,TEND_0125,BIDDED_FOR
COMP_0418,TEND_0125,BIDDED_FOR
COMP_0071,TEND_0125,BIDDED_FOR
COMP_0454,TEND_0125,BIDDED_FOR
COMP_0297,TEND_0125,BIDDED_FOR
COMP_0462,TEND_0125,BIDDED_FOR
COMP_0386,TEND_0125,BIDDED_FOR
COMP_0386,TEND_0125,WON
COMP_0111,TEND_0020,BIDDED_FOR
COMP_0418,TEND_0020,BIDDED_FOR
COMP_0071,TEND_0020,BIDDED_FOR
COMP_0454,TEND_0020,BIDDED_FOR
COMP_0297,TEND_0020,BIDDED_FOR
COMP_0462,TEND_0020,BIDDED_FOR
COMP_0386,TEND_0020,BIDDED_FOR
COMP_0418,TEND_0020,WON
COMP_0111,TEND_0090,BIDDED_FOR
COMP_0418,TEND_0090,BIDDED_FOR
COMP_0071,TEND_0090,BIDDED_FOR
COMP_0454,TEND_0090,BIDDED_FOR
COMP_0297,TEND_0090,BIDDED_FOR
COMP_0462,TEND_0090,BIDDED_FOR
COMP_0386,TEND_0090,BIDDED_FOR
COMP_0462,TEND_0090,WON
COMP_0111,TEND_0034,BIDDED_FOR
COMP_0418,TEND_0034,BIDDED_FOR
COMP_0071,TEND_0034,BIDDED_FOR
COMP_0454,TEND_0034,BIDDED_FOR
COMP_0297,TEND_0034,BIDDED_FOR
COMP_0462,TEND_0034,BIDDED_FOR
COMP_0386,TEND_0034,BIDDED_FOR
COMP_0418,TEND_0034,WON
COMP_0111,TEND_0039,BIDDED_FOR
COMP_0418,TEND_0039,BIDDED_FOR
COMP_0071,TEND_0039,BIDDED_FOR
COMP_0454,TEND_0039,BIDDED_FOR
COMP_0297,TEND_0039,BIDDED_FOR
COMP_0462,TEND_0039,BIDDED_FOR
COMP_0386,TEND_0039,BIDDED_FOR
COMP_0454,TEND_0039,WON
COMP_0111,TEND_0094,BIDDED_FOR
COMP_0418,TEND_0094,BIDDED_FOR
COMP_0071,TEND_0094,BIDDED_FOR
COMP_0454,TEND_0094,BIDDED_FOR
COMP_0297,TEND_0094,BIDDED_FOR
COMP_0462,TEND_0094,BIDDED_FOR
COMP_0386,TEND_0094,BIDDED_FOR
COMP_0297,TEND_0094,WON
COMP_0111,TEND_0146,BIDDED_FOR
COMP_0418,TEND_0146,BIDDED_FOR
COMP_0071,TEND_0146,BIDDED_FOR
COMP_0454,TEND_0146,BIDDED_FOR
COMP_0297,TEND_0146,BIDDED_FOR
COMP_0462,TEND_0146,BIDDED_FOR
COMP_0386,TEND_0146,BIDDED_FOR
COMP_0071,TEND_0146,WON
COMP_0111,TEND_0124,BIDDED_FOR
COMP_0418,TEND_0124,BIDDED_FOR
COMP_0071,TEND_0124,BIDDED_FOR
COMP_0454,TEND_0124,BIDDED_FOR
COMP_0297,TEND_0124,BIDDED_FOR
COMP_0462,TEND_0124,BIDDED_FOR
COMP_0386,TEND_0124,BIDDED_FOR
COMP_0454,TEND_0124,WON
COMP_0111,TEND_0060,BIDDED_FOR
COMP_0418,TEND_0060,BIDDED_FOR
COMP_0071,TEND_0060,BIDDED_FOR
COMP_0454,TEND_0060,BIDDED_FOR
COMP_0297,TEND_0060,BIDDED_FOR
COMP_0462,TEND_0060,BIDDED_FOR
COMP_0386,TEND_0060,BIDDED_FOR
COMP_0297,TEND_0060,WON
COMP_0111,TEND_0035,BIDDED_FOR
COMP_0418,TEND_0035,BIDDED_FOR
COMP_0071,TEND_0035,BIDDED_FOR
COMP_0454,TEND_0035,BIDDED_FOR
COMP_0297,TEND_0035,BIDDED_FOR
COMP_0462,TEND_0035,BIDDED_FOR
COMP_0386,TEND_0035,BIDDED_FOR
COMP_0297,TEND_0035,WON
COMP_0111,TEND_0076,BIDDED_FOR
COMP_0418,TEND_0076,BIDDED_FOR
COMP_0071,TEND_0076,BIDDED_FOR
COMP_0454,TEND_0076,BIDDED_FOR
COMP_0297,TEND_0076,BIDDED_FOR
COMP_0462,TEND_0076,BIDDED_FOR
COMP_0386,TEND_0076,BIDDED_FOR
COMP_0454,TEND_0076,WON
COMP_0111,TEND_0008,BIDDED_FOR
COMP_0418,TEND_0008,BIDDED_FOR
COMP_0071,TEND_0008,BIDDED_FOR
COMP_0454,TEND_0008,BIDDED_FOR
COMP_0297,TEND_0008,BIDDED_FOR
COMP_0462,TEND_0008,BIDDED_FOR
COMP_0386,TEND_0008,BIDDED_FOR
COMP_0418,TEND_0008,WON
COMP_0111,TEND_0107,BIDDED_FOR
COMP_0418,TEND_0107,BIDDED_FOR
COMP_0071,TEND_0107,BIDDED_FOR
COMP_0454,TEND_0107,BIDDED_FOR
COMP_0297,TEND_0107,BIDDED_FOR
COMP_0462,TEND_0107,BIDDED_FOR
COMP_0386,TEND_0107,BIDDED_FOR
COMP_0418,TEND_0107,WON
COMP_0111,TEND_0013,BIDDED_FOR
COMP_0418,TEND_0013,BIDDED_FOR
COMP_0071,TEND_0013,BIDDED_FOR
COMP_0454,TEND_0013,BIDDED_FOR
COMP_0297,TEND_0013,BIDDED_FOR
COMP_0462,TEND_0013,BIDDED_FOR
COMP_0386,TEND_0013,BIDDED_FOR
COMP_0462,TEND_0013,WON
COMP_0111,TEND_0003,BIDDED_FOR
COMP_0418,TEND_0003,BIDDED_FOR
COMP_0071,TEND_0003,BIDDED_FOR
COMP_0454,TEND_0003,BIDDED_FOR
COMP_0297,TEND_0003,BIDDED_FOR
COMP_0462,TEND_0003,BIDDED_FOR
COMP_0386,TEND_0003,BIDDED_FOR
COMP_0071,TEND_0003,WON
COMP_0111,TEND_0109,BIDDED_FOR
COMP_0418,TEND_0109,BIDDED_FOR
COMP_0071,TEND_0109,BIDDED_FOR
COMP_0454,TEND_0109,BIDDED_FOR
COMP_0297,TEND_0109,BIDDED_FOR
COMP_0462,TEND_0109,BIDDED_FOR
COMP_0386,TEND_0109,BIDDED_FOR
COMP_0071,TEND_0109,WON
COMP_0111,TEND_0108,BIDDED_FOR
COMP_0418,TEND_0108,BIDDED_FOR
COMP_0071,TEND_0108,BIDDED_FOR
COMP_0454,TEND_0108,BIDDED_FOR
COMP_0297,TEND_0108,BIDDED_FOR
COMP_0462,TEND_0108,BIDDED_FOR
COMP_0386,TEND_0108,BIDDED_FOR
COMP_0297,TEND_0108,WON
COMP_0111,TEND_0135,BIDDED_FOR
COMP_0418,TEND_0135,BIDDED_FOR
COMP_0071,TEND_0135,BIDDED_FOR
COMP_0454,TEND_0135,BIDDED_FOR
COMP_0297,TEND_0135,BIDDED_FOR
COMP_0462,TEND_0135,BIDDED_FOR
COMP_0386,TEND_0135,BIDDED_FOR
COMP_0386,TEND_0135,WON
COMP_0111,TEND_0116,BIDDED_FOR
COMP_0418,TEND_0116,BIDDED_FOR
COMP_0071,TEND_0116,BIDDED_FOR
COMP_0454,TEND_0116,BIDDED_FOR
COMP_0297,TEND_0116,BIDDED_FOR
COMP_0462,TEND_0116,BIDDED_FOR
COMP_0386,TEND_0116,BIDDED_FOR
COMP_0462,TEND_0116,WON
DIR_0103,COMP_0096,DIRECTOR_OF
DIR_0103,COMP_0284,DIRECTOR_OF
DIR_0103,COMP_0196,DIRECTOR_OF
DIR_0103,COMP_0431,DIRECTOR_OF
DIR_0103,COMP_0473,DIRECTOR_OF
DIR_0103,COMP_0184,DIRECTOR_OF
DIR_0103,COMP_0430,DIRECTOR_OF
DIR_0103,COMP_0213,DIRECTOR_OF
DIR_0103,COMP_0078,DIRECTOR_OF
DIR_0103,COMP_0147,DIRECTOR_OF
DIR_0103,COMP_0446,DIRECTOR_OF
DIR_0103,COMP_0343,DIRECTOR_OF
DIR_0103,COMP_0064,DIRECTOR_OF
DIR_0103,COMP_0068,DIRECTOR_OF
DIR_0103,COMP_0005,DIRECTOR_OF
DIR_0103,COMP_0036,DIRECTOR_OF
DIR_0103,COMP_0331,DIRECTOR_OF
DIR_0097,COMP_0073,DIRECTOR_OF
DIR_0097,COMP_0369,DIRECTOR_OF
DIR_0097,COMP_0453,DIRECTOR_OF
DIR_0097,COMP_0249,DIRECTOR_OF
DIR_0097,COMP_0336,DIRECTOR_OF
DIR_0097,COMP_0223,DIRECTOR_OF
DIR_0097,COMP_0499,DIRECTOR_OF
DIR_0097,COMP_0069,DIRECTOR_OF
DIR_0097,COMP_0043,DIRECTOR_OF
DIR_0097,COMP_0070,DIRECTOR_OF
DIR_0097,COMP_0328,DIRECTOR_OF
DIR_0097,COMP_0412,DIRECTOR_OF
DIR_0097,COMP_0212,DIRECTOR_OF
DIR_0097,COMP_0440,DIRECTOR_OF
DIR_0097,COMP_0233,DIRECTOR_OF
DIR_0111,COMP_0476,DIRECTOR_OF
DIR_0111,COMP_0217,DIRECTOR_OF
DIR_0111,COMP_0319,DIRECTOR_OF
DIR_0111,COMP_0092,DIRECTOR_OF
DIR_0111,COMP_0232,DIRECTOR_OF
DIR_0111,COMP_0260,DIRECTOR_OF
DIR_0111,COMP_0282,DIRECTOR_OF
DIR_0111,COMP_0419,DIRECTOR_OF
DIR_0111,COMP_0230,DIRECTOR_OF
DIR_0111,COMP_0196,DIRECTOR_OF
DIR_0111,COMP_0181,DIRECTOR_OF
DIR_0111,COMP_0115,DIRECTOR_OF
DIR_0111,COMP_0095,DIRECTOR_OF
DIR_0111,COMP_0309,DIRECTOR_OF
DIR_0111,COMP_0003,DIRECTOR_OF
DIR_0111,COMP_0295,DIRECTOR_OF
DIR_0111,COMP_0255,DIRECTOR_OF
DIR_0111,COMP_0433,DIRECTOR_OF
DIR_0111,COMP_0374,DIRECTOR_OF
DIR_0111,COMP_0121,DIRECTOR_OF
DIR_0111,COMP_0364,DIRECTOR_OF
DIR_0111,COMP_0256,DIRECTOR_OF
DIR_0111,COMP_0137,DIRECTOR_OF
DIR_0111,COMP_0210,DIRECTOR_OF
DIR_0139,COMP_0295,DIRECTOR_OF
DIR_0139,COMP_0187,DIRECTOR_OF
DIR_0139,COMP_0017,DIRECTOR_OF
DIR_0139,COMP_0019,DIRECTOR_OF
DIR_0139,COMP_0290,DIRECTOR_OF
DIR_0139,COMP_0247,DIRECTOR_OF
DIR_0139,COMP_0360,DIRECTOR_OF
DIR_0139,COMP_0188,DIRECTOR_OF
DIR_0139,COMP_0057,DIRECTOR_OF
DIR_0139,COMP_0297,DIRECTOR_OF
DIR_0139,COMP_0246,DIRECTOR_OF
DIR_0139,COMP_0492,DIRECTOR_OF
DIR_0139,COMP_0353,DIRECTOR_OF
DIR_0139,COMP_0040,DIRECTOR_OF
DIR_0139,COMP_0072,DIRECTOR_OF
DIR_0139,COMP_0373,DIRECTOR_OF
DIR_0139,COMP_0374,DIRECTOR_OF
DIR_0139,COMP_0269,DIRECTOR_OF
DIR_0139,COMP_0439,DIRECTOR_OF
DIR_0139,COMP_0384,DIRECTOR_OF
DIR_0139,COMP_0398,DIRECTOR_OF
DIR_0139,COMP_0143,DIRECTOR_OF
DIR_0139,COMP_0238,DIRECTOR_OF
DIR_0054,COMP_0040,DIRECTOR_OF
DIR_0054,COMP_0267,DIRECTOR_OF
DIR_0054,COMP_0455,DIRECTOR_OF
DIR_0054,COMP_0312,DIRECTOR_OF
DIR_0054,COMP_0045,DIRECTOR_OF
DIR_0054,COMP_0125,DIRECTOR_OF
DIR_0054,COMP_0241,DIRECTOR_OF
DIR_0054,COMP_0322,DIRECTOR_OF
DIR_0054,COMP_0379,DIRECTOR_OF
DIR_0054,COMP_0339,DIRECTOR_OF
DIR_0054,COMP_0491,DIRECTOR_OF
DIR_0054,COMP_0342,DIRECTOR_OF
DIR_0054,COMP_0039,DIRECTOR_OF
DIR_0054,COMP_0350,DIRECTOR_OF
DIR_0054,COMP_0324,DIRECTOR_OF
DIR_0054,COMP_0276,DIRECTOR_OF
DIR_0054,COMP_0408,DIRECTOR_OF
DIR_0054,COMP_0296,DIRECTOR_OF
DIR_0054,COMP_0159,DIRECTOR_OF
DIR_0054,COMP_0313,DIRECTOR_OF
DIR_0054,COMP_0027,DIRECTOR_OF
DIR_0054,COMP_0462,DIRECTOR_OF
DIR_0054,COMP_0175,DIRECTOR_OF
DIR_0169,COMP_0398,DIRECTOR_OF
DIR_0169,COMP_0005,DIRECTOR_OF
DIR_0169,COMP_0240,DIRECTOR_OF
DIR_0169,COMP_0232,DIRECTOR_OF
DIR_0169,COMP_0262,DIRECTOR_OF
DIR_0169,COMP_0463,DIRECTOR_OF
DIR_0169,COMP_0293,DIRECTOR_OF
DIR_0169,COMP_0375,DIRECTOR_OF
DIR_0169,COMP_0169,DIRECTOR_OF
DIR_0169,COMP_0215,DIRECTOR_OF
DIR_0169,COMP_0180,DIRECTOR_OF
DIR_0169,COMP_0491,DIRECTOR_OF
DIR_0169,COMP_0408,DIRECTOR_OF
DIR_0169,COMP_0150,DIRECTOR_OF
DIR_0169,COMP_0148,DIRECTOR_OF
DIR_0169,COMP_0085,DIRECTOR_OF
DIR_0169,COMP_0018,DIRECTOR_OF
DIR_0169,COMP_0355,DIRECTOR_OF
DIR_0169,COMP_0472,DIRECTOR_OF
DIR_0169,COMP_0305,DIRECTOR_OF
DIR_0169,COMP_0383,DIRECTOR_OF
DIR_0169,COMP_0155,DIRECTOR_OF
DIR_0169,COMP_0372,DIRECTOR_OF
DIR_0044,COMP_0133,DIRECTOR_OF
DIR_0044,COMP_0031,DIRECTOR_OF
DIR_0044,COMP_0322,DIRECTOR_OF
DIR_0044,COMP_0242,DIRECTOR_OF
DIR_0044,COMP_0296,DIRECTOR_OF
DIR_0044,COMP_0086,DIRECTOR_OF
DIR_0044,COMP_0293,DIRECTOR_OF
DIR_0044,COMP_0026,DIRECTOR_OF
DIR_0044,COMP_0336,DIRECTOR_OF
DIR_0044,COMP_0149,DIRECTOR_OF
DIR_0044,COMP_0414,DIRECTOR_OF
DIR_0044,COMP_0377,DIRECTOR_OF
DIR_0044,COMP_0319,DIRECTOR_OF
DIR_0044,COMP_0013,DIRECTOR_OF
DIR_0044,COMP_0146,DIRECTOR_OF
DIR_0044,COMP_0248,DIRECTOR_OF
DIR_0044,COMP_0042,DIRECTOR_OF
DIR_0044,COMP_0064,DIRECTOR_OF
DIR_0044,COMP_0258,DIRECTOR_OF
DIR_0044,COMP_0039,DIRECTOR_OF
DIR_0044,COMP_0435,DIRECTOR_OF
DIR_0044,COMP_0401,DIRECTOR_OF
DIR_0044,COMP_0142,DIRECTOR_OF
DIR_0044,COMP_0129,DIRECTOR_OF
DIR_0121,COMP_0315,DIRECTOR_OF
DIR_0121,COMP_0143,DIRECTOR_OF
DIR_0121,COMP_0140,DIRECTOR_OF
DIR_0121,COMP_0439,DIRECTOR_OF
DIR_0121,COMP_0131,DIRECTOR_OF
DIR_0121,COMP_0007,DIRECTOR_OF
DIR_0121,COMP_0379,DIRECTOR_OF
DIR_0121,COMP_0057,DIRECTOR_OF
DIR_0121,COMP_0309,DIRECTOR_OF
DIR_0121,COMP_0089,DIRECTOR_OF
DIR_0121,COMP_0465,DIRECTOR_OF
DIR_0121,COMP_0302,DIRECTOR_OF
DIR_0121,COMP_0378,DIRECTOR_OF
DIR_0121,COMP_0077,DIRECTOR_OF
DIR_0121,COMP_0337,DIRECTOR_OF
DIR_0121,COMP_0228,DIRECTOR_OF
DIR_0121,COMP_0189,DIRECTOR_OF
COMP_0133,TEND_0125,WON
COMP_0133,TEND_0009,WON
COMP_0133,TEND_0087,WON
COMP_0133,TEND_0034,WON
COMP_0133,TEND_0047,WON
COMP_0133,TEND_0146,WON
COMP_0400,TEND_0107,WON
COMP_0400,TEND_0094,WON
COMP_0400,TEND_0072,WON
COMP_0400,TEND_0109,WON
COMP_0400,TEND_0052,WON
COMP_0400,TEND_0064,WON
COMP_0400,TEND_0090,WON
COMP_0400,TEND_0008,WON
COMP_0358,TEND_0076,WON
COMP_0358,TEND_0039,WON
COMP_0358,TEND_0013,WON
COMP_0358,TEND_0052,WON
COMP_0358,TEND_0112,WON
COMP_0358,TEND_0103,WON
COMP_0358,TEND_0116,WON
COMP_0358,TEND_0047,WON
COMP_0358,TEND_0072,WON
COMP_0358,TEND_0091,WON
COMP_0120,TEND_0065,WON
COMP_0120,TEND_0094,WON
COMP_0120,TEND_0144,WON
COMP_0120,TEND_0116,WON
COMP_0120,TEND_0076,WON
COMP_0120,TEND_0047,WON
COMP_0120,TEND_0108,WON
COMP_0120,TEND_0003,WON
COMP_0120,TEND_0124,WON
COMP_0248,TEND_0094,WON
COMP_0248,TEND_0083,WON
COMP_0248,TEND_0125,WON
COMP_0248,TEND_0009,WON
COMP_0248,TEND_0035,WON
COMP_0248,TEND_0090,WON
COMP_0248,TEND_0108,WON
COMP_0248,TEND_0080,WON
DIR_0167,COMP_0138,DIRECTOR_OF
DIR_0149,COMP_0136,DIRECTOR_OF
DIR_0100,COMP_0410,DIRECTOR_OF
DIR_0065,COMP_0050,DIRECTOR_OF
DIR_0172,COMP_0395,DIRECTOR_OF
DIR_0150,COMP_0345,DIRECTOR_OF
DIR_0197,COMP_0383,DIRECTOR_OF
DIR_0187,COMP_0123,DIRECTOR_OF
DIR_0046,COMP_0266,DIRECTOR_OF
DIR_0080,COMP_0172,DIRECTOR_OF
DIR_0176,COMP_0346,DIRECTOR_OF
